bbl,description,latitude,longitude
1016280020,"REMOVE ENCUMBRANCES CONSISTING CONSTRUCTION MATERIAL PUBLIC HALL PROVIDE READY ACCESS BUILDINGS HEATING SYSTEM DOOR LOCKED BOILER ROOM TRACE REPAIR SOURCE ABATE NUISANCE CONSISTING MOLD WALL BATHROOM OWNER FAILED FILE VALID REGISTRATION STATEMENT DEPARTMENT THEREFORE SUBJECT CIVIL PENALTIES PROHIBITED CERTIFYING VIOLATIONS DENIED RIGHT RECOVER POSSESSION PREMISES FOR NONPAYMENT RENT UNTIL VALID REGISTRATION STATEMENT FILED. REPAIR BROKEN DEFECTIVE PLASTERED SURFACES PAINT UNIFORM COLOR WALLS CEILING ENTIRE DEPT. RULES REGULATIONS. REMOVE ENCUMBRANCE OBSTRUCTING EGRESS FIRE ESCAPES HOUSE HOLD ITEMS 5TH BALCONY FIRE ESCAPE REAR YARDREMOVE ENCUMBRANCE OBSTRUCTING EGRESS FIRE ESCAPES FLOWER POTS 4TH BALCONY FIRE ESCAPE REAR YARD REPLACE NEW MISSING TERRACOTTA COPING PARAPET WALL ROOF, 2037 HMC: PROPERLY REPAIR ABATE UNSAFE ELECTRIC WIRING CONDITION CONSISTING EXPOSED ELECTRICAL WIRES CEILING CELLAR. PROPERLY REPAIR SIMILAR MATERIAL BROKEN DEFECTIVE CERAMIC FLOOR TILES PUBLIC HALL REPLACE NEW BROKEN DEFECTIVE 1ST 2ND 3RD MARBLE TREADS BOTTOM LEADING SIDE COURT PUBLIC HALL STAIRS REPAIR BROKEN DEFECTIVE PLASTERED SURFACES PAINT UNIFORM COLOR CEILING WALLS ROOM ",40.788575,-73.948944
1016280022,"",40.788520,-73.948984
1016280050,"PROPERLY REPAIR SIMILAR MATERIAL BROKEN DEFECTIVE GROUT FLOOR BATHROOM ARRANGE MAKE SELF-CLOSING DOORS ; ENTRANCE DOOR KITCHEN 6th FIRE EGRESS DEFECTIVE. REMOVE OBSTRUCTING BARS UNLAWFUL GATES WINDOW FIRE ESCAPE PROVIDE APPROVED TYPE GATE REMOVE ILLEGAL FASTENING KEY OPERATED LOCK DOOR LEADING ROOM FIRE ESCAPE REMOVE ILLEGAL FASTENING KEY OPERATED LOCK INSTALLED DOOR LEADING FIRE ESCAPE WINDOW ROOM ARRANGE MAKE SELF-CLOSING DOORS ENTRANCEOWNER FAILED FILE VALID REGISTRATION STATEMENT DEPARTMENT THEREFORE SUBJECT CIVIL PENALTIES PROHIBITED CERTIFYING VIOLATIONS DENIED RIGHT RECOVER POSSESSION PREMISES FOR NONPAYMENT RENT UNTIL VALID REGISTRATION STATEMENT FILED BATHROOM PAINT METAL ACCORDANCE DEPT. REGULATION FIRE EGRESS DEFECTIVE. REMOVE OBSTRUCTING BARS UNLAWFUL GATES WINDOW FIRE ESCAPE PROVIDE APPROVED TYPE GATE ROOM ARRANGE MAKE SELF-CLOSING DOORSENTRANCE DOOR KITCHEN REFIT DOOR BATHROOM PROPERLY REPAIR SIMILAR MATERIAL BROKEN DEFECTIVE WOOD SUBFLOOR SUPPORTS (FLOOR SLOPPING APPROX 5 INCHES 6 FOOT SPAN) KITCHEN WALL DOORFRAMES WINDOWFRAMES ENTIRE REPAIR BROKEN DEFECTIVE PLASTERED SURFACES PAINT UNIFORM COLOR WALLS KITCHEN REPLACE NEW BROKEN DEFECTIVE SHUT OFF VALVE RADIATOR ROOM 6th REMOVE OBSTRUCTIONS REPAIR DEFECTS WASTE PIPE UNDER WASH BASIN BATHROOM REPAIR BROKEN DEFECTIVE PLASTERED SURFACES PAINT UNIFORM COLOR WALL NEAR BATHTUB BATHROOM ",40.788740,-73.948825
1016280052,"REPAIR BROKEN DEFECTIVE PLASTERED SURFACES PAINT UNIFORM COLOR WALL KITCHEN OWNER FAILED FILE VALID REGISTRATION STATEMENT DEPARTMENT THEREFORE SUBJECT CIVIL PENALTIES PROHIBITED CERTIFYING VIOLATIONS DENIED RIGHT RECOVER POSSESSION PREMISES FOR NONPAYMENT RENT UNTIL VALID REGISTRATION STATEMENT FILED. REPAIR BROKEN DEFECTIVE PLASTERED SURFACES PAINT UNIFORM COLOR WALL BATHROOM POST FORM APPROVED COMMISSIONER MAINTAIN NOTICE COMMON AREA BUILDING REGARDING PROCEDURES BE FOLLOWED GAS LEAK SUSPECTED PUBLIC HALL ",40.788630,-73.948904
1016300002,"PROVIDE HOT WATER HOT WATER FIXTURES ENTIRE PROVIDE ADEQUATE SUPPLY HEAT FOR ENTIRE ",40.790203,-73.949351
1016300061," CORRECT LEAD-BASED PAINT HAZARD - PRESUMED LEAD PAINT PEELING DETERIORATED SUBSURFACEWALL KITCHEN CORRECT LEAD-BASED PAINT HAZARD - PRESUMED LEAD PAINT PEELING DETERIORATED SUBSURFACE CORRECT LEAD-BASED PAINT HAZARD - PRESUMED LEAD PAINT PEELING DETERIORATED SUBSURFACEWALLWALLWALL ARRANGE MAKE SELF-CLOSING DOORS ENTRANCE DEPT. RULES REGULATIONS. REMOVE ENCUMBRANCE OBSTRUCTING EGRESS FIRE ESCAPES ,ELECTRIC WIRES CRISS-CROSSING STORIES,CHILDREN TOYS FLOWER POTS 2ND ,FIRE ESCAPE,FRONT BUILDING OWNER FAILED FILE VALID REGISTRATION STATEMENT DEPARTMENT THEREFORE SUBJECT CIVIL PENALTIES PROHIBITED CERTIFYING VIOLATIONS DENIED RIGHT RECOVER POSSESSION PREMISES FOR NONPAYMENT RENT UNTIL VALID REGISTRATION STATEMENT FILED. CORRECT LEAD-BASED PAINT HAZARD - PAINT TESTED POSITIVE FOR LEAD CONTENT PEELING DETERIORATED SUBSURFACE - PROVIDE READY ACCESS BUILDINGS HEATING SYSTEM DOOR BOILER ROOM LOCKED BASEMENT REPAIR REPLACE SMOKE DETECTOR DEFECTIVE ENTIRE REPAIR LEAKY DEFECTIVE FAUCETS BATH TUB BATHROOM DEPT. RULES REGULATIONS. REMOVE ENCUMBRANCE OBSTRUCTING EGRESS FIRE ESCAPES FLOWER POTS & WINDOW SCREEN 2ND STY FIRE ESCAPE STACK PROPERLY REPAIR BROKEN DEFECTIVE CEILING LIGHT FIXTURE KITCHEN PROPERLY REPAIR SIMILAR MATERIAL BROKEN DEFECTIVE HARDWOOD FLOOR PAINT METAL ACCORDANCE DEPT. REGULATION RISER WALL KITCHEN PROPERLY REPAIR SIMILAR MATERIAL BROKEN DEFECTIVE CERAMIC TILE FLOOR PUBLIC HALL 6th ",40.790581,-73.948343
1016300063,"PROPERLY REPAIR SIMILAR MATERIAL BROKEN DEFECTIVE VINYL FLOOR TILES KITCHEN PROPERLY REPAIR SIMILAR MATERIAL BROKEN DEFECTIVE CERAMIC FLOOR TILES BATHROOM ARRANGE MAKE SELF-CLOSING DOORS ENTRANCE PROVIDE APPROVED OPERATIONAL CARBON MONOXIDE DETECTING DEVICE INSTALLED ACCORDANCE APPLICABLE LAW RULES. ENTIRE FIRE EGRESS DEFECTIVE. REMOVE OBSTRUCTING BARS UNLAWFUL GATES WINDOW FIRE ESCAPE PROVIDE APPROVED TYPE GATE ENTIRE ARRANGE MAKE SELF-CLOSING DOORS ENTRANCE ENTIRE ARRANGE MAKE SELF-CLOSING DOORS ENTRANCE REMOVE COVER MANNER APPROVED DEPARTMENT PEELING LEAD PAINT WALLS CEILING ROOM 2 STY 7 PAGAN 9242495 ER1 97035919 REPAIR BROKEN DEFECTIVE PLASTERED SURFACES PAINT UNIFORM COLOR CEILING BATHROOM , 2012 ADM CODE REMOVE ACCUMULATION REFUSE RUBBISH MAINTAIN CLEAN CONDITION FRONT AREA WAY UNDER BUILDING STOOP FIRE ESCAPE DEFECTIVE. REPLACE NEW BROKEN DEFECTIVE MISSING 5TH 6TH METAL TREAD UP YARD FIRE PASSAGEWAY STAIRCASE, 2012 ADM CODE REMOVE ACCUMULATION REFUSE RUBBISH MAINTAIN CLEAN CONDITION YARD FIRE ESCAPE DEFECTIVE. REPLACE NEW BROKEN DEFECTIVE MISSING 4TH METAL TREAD DOWN 5TH BALCONY BUILDING FIRE ESCAPE FIRE ESCAPE DEFECTIVE. PROPERLY SECURE 5TH METAL TREAD DOWN 3RD BALCONY BUILDING FIRE ESCAPE FIRE ESCAPE DEFECTIVE. PROPERLY SECURE BOTTOM METAL STRINGER STAIRCASE BALCONY BUILDING REAR FIRE ESCAPE DEPT. RULES REGULATIONS. REMOVE ENCUMBRANCE OBSTRUCTING EGRESS FIRE ESCAPES HOUSE HOLD ITEMS STORED BALCONY BUILDING REAR FIRE ESCAPEREMOVE ENCUMBRANCE OBSTRUCTING EGRESS FIRE ESCAPES HOUSE HOLD ITEMS STORED BALCONY BUILDING REAR FIRE ESCAPE PROPERLY REPAIR SIMILAR MATERIAL BROKEN DEFECTIVE SPACE BETWEEN WALL FLOOR PROVIDE READY ACCESS BUILDINGS HEATING SYSTEM DOOR BOILER ROOM LOCKED BASEMENT PROVIDE HOT WATER HOT WATER FIXTURESOWNER FAILED FILE VALID REGISTRATION STATEMENT DEPARTMENT THEREFORE SUBJECT CIVIL PENALTIES PROHIBITED CERTIFYING VIOLATIONS DENIED RIGHT RECOVER POSSESSION PREMISES FOR NONPAYMENT RENT UNTIL VALID REGISTRATION STATEMENT FILED ADM CODE REMOVE ENCUMBRANCES CONSISTING CARD BOARD BOXES OTHER HOUSE HOLD ITEMS PUBLIC HALL TRACE REPAIR SOURCE ABATE NUISANCE CONSISTING MOLD CEILING (10 SQUARE FEET) BATHROOM PROPERLY REPAIR SOURCE ABATE EVIDENCE WATER LEAK CEILING BATHROOM REPAIR BROKEN DEFECTIVE PLASTERED SURFACES PAINT UNIFORM COLOR CEILING BATHROOM PROPERLY REPAIR SIMILAR MATERIAL BROKEN DEFECTIVE SPACE BETWEEN WALL FLOOR ROOM ",40.790603,-73.948390
1016300065,"ABATE NUISANCE CONSISTING MICE KITCHEN FIRE EGRESS DEFECTIVE. REMOVE OBSTRUCTING BARS UNLAWFUL GATES L 1 WINDOW PROVIDE APPROVED TYPE GATE ENTIRE REMOVE COVER MANNER APPROVED DEPARTMENT PEELING LEAD PAINT WALL ROOM 1 STY 1 ER1 6988. ABATE NUISANCE CONSISTING VERMIN ROACHES ENTIRE PAINT METAL ACCORDANCE DEPT. REGULATION OWNER FAILED FILE VALID REGISTRATION STATEMENT DEPARTMENT THEREFORE SUBJECT CIVIL PENALTIES PROHIBITED CERTIFYING VIOLATIONS DENIED RIGHT RECOVER POSSESSION PREMISES FOR NONPAYMENT RENT UNTIL VALID REGISTRATION STATEMENT FILED. CORRECT LEAD-BASED PAINT HAZARD - PRESUMED LEAD PAINT PEELING DETERIORATED SUBSURFACE TRACE REPAIR SOURCE ABATE NUISANCE CONSISTING MOLD CEILING ( 32 SQ FT )( 20 SQ FT )( 12 SQ FT )( 18 SQ FT ) & ( 8 SQ FT ) WALLS BATHROOM REPAIR LEAKY DEFECTIVE FAUCETS BATHTUB BATHROOM REPAIR REPLACE SMOKE DETECTOR DEFECTIVE CORRECT LEAD-BASED PAINT HAZARD - PRESUMED LEAD PAINT PEELING DETERIORATED SUBSURFACE CORRECT LEAD-BASED PAINT HAZARD - PRESUMED LEAD PAINT PEELING DETERIORATED SUBSURFACE CORRECT LEAD-BASED PAINT HAZARD - PRESUMED LEAD PAINT PEELING DETERIORATED SUBSURFACE ABATE NUISANCE CONSISTING KEY OPERATED LOCK INSTALLED DOOR ROOM FIRE ESCAPE WINDOW ROOM PROPERLY REPAIR SIMILAR MATERIAL BROKEN DEFECTIVE WOOD FLOOR CLOSET ROOM PROPERLY SECURE LOOSE 3RD MARBLE TREAD DOWN 5TH . FIRE ESCAPE DEFECTIVE. PROPERLY SECURE FRONT RAIL 6TH BALCONY BUILDING FRONT FIRE ESCAPE 6th FIRE ESCAPE DEFECTIVE. PROPERLY SECURE 2ND SUPPORT BRACKET 6TH BALCONY BUILDING FRONT FIRE ESCAPE 6th FIRE ESCAPE DEFECTIVE. PROPERLY SECURE 1ST SUPPORT BRACKET 6TH BALCONY BUILDING FRONT FIRE ESCAPE 6th FIRE ESCAPE DEFECTIVE. PROPERLY SECURE BATTENS 6TH BALCONY BUILDING FRONT FIRE ESCAPE 6th REPLACE NEW BROKEN DEFECTIVE METAL RISER UNDER 2ND MARBLE SLAB 5TH INTERMEDIATE LANDING REPLACE NEW MISSING WOOD CASING 3RD INTERMEDIATE LANDING WINDOW FRAME",40.790622,-73.948437
1016300067,"PROPERLY REPAIR BROKEN DEFECTIVE GASKET REFIGERATOR DOOR KITCHEN TRACE REPAIR SOURCE ABATE NUISANCE CONSISTING MOLD WALL. (APPROX. 3 SQ FT.) BATHROOM POST PROPER NOTICE CARBON MONOXIDE DETECTING DEVICE REQUIREMENTS FORM APPROVED COMMISSIONER COMMON AREA CLASS MULTIPLE DWELLING NEAR INSPECTION CERTIFICATE PROVIDE NOTICE TENANTS PRIVATE DWELLING. PUBLIC HALL POST SIGN WALL ENTRANCE BEARING NAME ADDRESS INCLUDING NUMBER IF ANY TELEPHONE NUMBER SUPERINTENDENT JANITOR HOUSEKEEPER. PUBLIC HALL ABATE NUISANCE CONSISTING ROACHES ENTIRE ",40.790661,-73.948531
1016300069,"REPAIR REPLACE SMOKE DETECTOR DEFECTIVE ENTIRE PAINT METAL ACCORDANCE DEPT. REGULATION RISER KITCHEN TRACE REPAIR SOURCE ABATE NUISANCE CONSISTING MOLD CEILINGWALLWALL BATHROOM ABATE NUISANCE CONSISTING ROACHES ENTIRE REPAIR BROKEN DEFECTIVE PLASTERED SURFACES PAINT UNIFORM COLOR WALLWALLWALLWALL CEILING. ROOM REPAIR BROKEN DEFECTIVE PLASTERED SURFACES PAINT UNIFORM COLOR WALLWALLWALLWALL CEILING KITCHEN PROVIDE ADEQUATE SUPPLY GAS FIXTURES RANGE KITCHEN REPAIR REPLACE SMOKE DETECTOR SLEEPING ROOMS MORE THAN 15' APART SMOKE DETECTOR ENTIRE ",40.790721,-73.948675
1016300072,"REPAIR BROKEN DEFECTIVE PLASTERED SURFACES PAINT UNIFORM COLOR WALL REMOVE ILLEGAL FASTENING KEY OPERATED LOCK DOOR ROOM FIRE ESCAPE WINDOW PAINT METAL ACCORDANCE DEPT. REGULATION RADIATORS STEAM RISERS ENTIRE OWNER FAILED FILE VALID REGISTRATION STATEMENT DEPARTMENT THEREFORE SUBJECT CIVIL PENALTIES PROHIBITED CERTIFYING VIOLATIONS DENIED RIGHT RECOVER POSSESSION PREMISES FOR NONPAYMENT RENT UNTIL VALID REGISTRATION STATEMENT FILED. ABATE NUISANCE CONSISTING MICE ENTIRE REMOVE ACCUMULATION REFUSE RUBBISH MAINTAIN CLEAN CONDITION FIRE PASSAGE WAY REPAIR BROKEN DEFECTIVE PLASTERED SURFACES PAINT UNIFORM COLOR UNKEYED CEILING ROOM REMOVE ILLEGAL FASTENING KEY OPERATED INSTALLED DOOR ROOM LEADING FIRE ESCAPE REMOVE ILLEGAL FASTENING KEY OPERATED LOCK DOOR LEADING FIRE ESCAPE ROOM ARRANGE MAKE SELF-CLOSING DOORS ENTRANCE 5 STY 20.WALL BATHROOM PROPERLY REPAIR SIMILAR MATERIAL BROKEN DEFECTIVE CERAMIC FLOOR TILES BATHROOM CORRECT LEAD-BASED PAINT HAZARD - PRESUMED LEAD PAINT PEELING DETERIORATED SUBSURFACE - USING EXCLUSIVE INTERIM CONTROLS. CEILINGWALLWALL KITCHEN CORRECT LEAD-BASED PAINT HAZARD - PRESUMED LEAD PAINT PEELING DETERIORATED SUBSURFACE - USING EXCLUSIVE INTERIM CONTROLS. CEILINGWALL BATHROOM CORRECT LEAD-BASED PAINT HAZARD - PRESUMED LEAD PAINT PEELING DETERIORATED SUBSURFACE - USING EXCLUSIVE INTERIM CONTROLS. CEILINGWALL ROOM REPLACE NEW MISSING FLOOR RADIATOR ROOM REPAIR BROKEN DEFECTIVE PLASTERED SURFACES PAINT UNIFORM COLOR CEILING BATHROOM ",40.790823,-73.948910
1016330051,"REPAIR REPLACE CARBON MONOXIDE DETECTING DEVICE(S). MISSING ENTIRE REMOVE ENCUMBRANCES CONSISTING WHEEL CHAIR OTHER HOUSE HOLD ITEMS PUBLIC HALLOWNER FAILED FILE VALID REGISTRATION STATEMENT DEPARTMENT THEREFORE SUBJECT CIVIL PENALTIES PROHIBITED CERTIFYING VIOLATIONS DENIED RIGHT RECOVER POSSESSION PREMISES FOR NONPAYMENT RENT UNTIL VALID REGISTRATION STATEMENT FILED. POST NOTICE FORM APPROVED DEPARTMENT STATING NAME LOCATION PERSON DESIGNATED OWNER HAVE KEY BUILDINGS HEATING SYSTEM MISSING WALL PUBLIC HALL 1ST PROPERLY REPAIR SIMILAR MATERIAL BROKEN DEFECTIVE LOOSE WOOD TREAD 5TH 6TH BOTTOM PUBLIC HALL STAIRS FIRE EGRESS DEFECTIVE. REMOVE OBSTRUCTING BARS UNLAWFUL GATES WINDOW FIRE ESCAPE PROVIDE APPROVED TYPE GATE REMOVE ENCUMBRANCES CONSISTING WOOD KITCHEN CABINETS BABY STROLLERS OTHER HOUSE HOLD ITEMS PUBLIC HALL REMOVE ENCUMBRANCES CONSISTING MOP 4TH STY BALCONY SECTION PROPERLY REPAIR SIMILAR MATERIAL BROKEN DEFECTIVE FIRE RETARDANT MATERIAL WALL PUBLIC HALL ARRANGE MAKE SELF-CLOSING DOORS DOOR ENTRANCE REMOVE ENCUMBRANCES CONSISTING BIKE CHAINED HAND RAILING PUBLIC HALL REPAIR REPLACE CARBON MONOXIDE DETECTING DEVICE(S). MISSING ARRANGE MAKE SELF-CLOSING DOORS ENTRANCE PROPERLY SECURE LOOSE MARBLE SADDLE DOOR ENTRANCE PROVIDE READY ACCESS BUILDINGS HEATING SYSTEM BOILER ROOM DOOR LOCK CELLAR PROVIDE HOT WATER HOT WATER FIXTURES ENTIRE PROVIDE READY ACCESS BUILDINGS HEATING SYSTEM LOCKED DOOR BOILER ROOM BOILER ROOM REPAIR FLUSHING APPARATUS MAINTAIN SAME SO AS FLUSH EFFECTIVELY WATER CLOSET BATHROOM REPAIR BROKEN DEFECTIVE PLASTERED SURFACES PAINT UNIFORM COLOR CEILING 4TH STY FRONT 3B BATHROOM. REPLACE NEW BROKEN DEFECTIVE COVER 2ND ELECTRICAL WALL OUTLET PROVIDE READY ACCESS BUILDINGS HEATING SYSTEM BOILER ROOM PUBLIC HALLHMC: PROPERLY REPAIR SOURCE ABATE EVIDENCE WATER LEAK CEILING BATHROOM TRACE REPAIR SOURCE ABATE NUISANCE CONSISTING MOLD CEILING BATHROOM ",40.791999,-73.945717
1016380015,"PROPERLY REPAIR SIMILAR MATERIAL BROKEN DEFECTIVE CERAMIC FLOOR TILES BATHROOM ABATE NUISANCE CONSISTING MICE ENTIRE OWNER FAILED FILE VALID REGISTRATION STATEMENT DEPARTMENT THEREFORE SUBJECT CIVIL PENALTIES PROHIBITED CERTIFYING VIOLATIONS DENIED RIGHT RECOVER POSSESSION PREMISES FOR NONPAYMENT RENT UNTIL VALID REGISTRATION STATEMENT FILED.",40.794954,-73.944743
1016380016,"PROPERLY REPAIR BROKEN DEFECTIVE TOILET FLUSH HANDLE BATHROOM ABATE NUISANCE CONSISTING RODENTS RATS 2 STY FRONT 23 THROUGHOUT. OWNER FAILED FILE VALID REGISTRATION STATEMENT DEPARTMENT THEREFORE SUBJECT CIVIL PENALTIES PROHIBITED CERTIFYING VIOLATIONS DENIED RIGHT RECOVER POSSESSION PREMISES FOR NONPAYMENT RENT UNTIL VALID REGISTRATION STATEMENT FILED. REPAIR REPLACE SMOKE DETECTOR MISSING. FIRE EGRESS DEFECTIVE. REMOVE OBSTRUCTING BARS UNLAWFUL GATES WINDOW FIRE ESCAPE PROVIDE APPROVED TYPE GATE ROOM PROPERLY REPAIR BROKEN DEFECTIVE WINDOW UPPER SASH COUNTER BALANCE ROOM PROPERLY REPAIR SOURCE ABATE EVIDENCE WATER LEAK CEILING BATHROOM REPAIR BROKEN DEFECTIVE CONNECTION WASTE LINE SINK KITCHEN REPLACE BROKEN DEFECTIVE WASTELINE SINK KITCHEN REPLACE NEW BROKEN DEFECTIVE REFRIGERATOR GASKET KITCHEN ",40.794930,-73.944685
1016430070,"MAKE SAFE PROPERLY REPAIRING STRUCTURAL DEFECT ORNAMENTAL CONCRETE CORNICE ABOVE ENTRANCE DOOR BUILDING OWNER FAILED FILE VALID REGISTRATION STATEMENT DEPARTMENT THEREFORE SUBJECT CIVIL PENALTIES PROHIBITED CERTIFYING VIOLATIONS DENIED RIGHT RECOVER POSSESSION PREMISES FOR NONPAYMENT RENT UNTIL VALID REGISTRATION STATEMENT FILED. PROVIDE APPROVED OPERATIONAL CARBON MONOXIDE DETECTING DEVICE INSTALLED ACCORDANCE APPLICABLE LAW RULES. ENTIRE ARRANGE MAKE SELF-CLOSING DOORS APT. ENTRANCE KITCHENETTE ARRANGE MAKE SELF-CLOSING DOORS APT. ENTRANCE KITCHENETTE ",40.799104,-73.942778
1016440059,"REPAIR BROKEN DEFECTIVE PLASTERED SURFACES PAINT UNIFORM COLOR WALL KITCHEN PROVIDE READY ACCESS BUILDINGS HEATING SYSTEM .LOCKED DOOR BOILER BASEMENT PROPERLY REPAIR SIMILAR MATERIAL BROKEN DEFECTIVE WOOD FLOOR REMOVE DEVICE PREVENTING DOOR BEING SELF-CLOSING COMPACTOR REFUSE SHUTE PUBLIC HALL ABATE NUISANCE CONSISTING AIR CONDITIONER WINDOW CENTER FIRE ESCAPE,BUILDING FRONT 6TH POST FORM APPROVED COMMISSIONER MAINTAIN NOTICE COMMON AREA BUILDING REGARDING PROCEDURES BE FOLLOWED GAS LEAK SUSPECTED PUBLIC HALL PAINT METAL ACCORDANCE DEPT. REGULATION HEAT RISER BATHROOM REMOVE ACCUMULATION REFUSE RUBBISH MAINTAIN CLEAN CONDITION GROUND COURT YARD ABATE NUISANCE CONSISTING MICE ENTIRE OWNER FAILED FILE VALID REGISTRATION STATEMENT DEPARTMENT THEREFORE SUBJECT CIVIL PENALTIES PROHIBITED CERTIFYING VIOLATIONS DENIED RIGHT RECOVER POSSESSION PREMISES FOR NONPAYMENT RENT UNTIL VALID REGISTRATION STATEMENT FILED. REPAIR BROKEN DEFECTIVE PLASTERED SURFACES PAINT UNIFORM COLOR CEILING BATHROOM PROVIDE READY ACCESS BUILDINGS HEATING SYSTEM DOOR LOCKED BOILER ROOM REPAIR REPLACE CARBON MONOXIDE DETECTING DEVICE(S). MISSING ENTIRE REMOVE ACCUMULATION REFUSE RUBBISH MAINTAIN CLEAN CONDITION THE PUBLIC HALL ROOM KITCHEN BATHROOM",40.799498,-73.941615
1016450001,"PROPERLY REPAIR BROKEN DEFECTIVE OUTSIDE BASE BATHTUB BATHROOM CELLAR REPAIR BROKEN DEFECTIVE PLASTERED SURFACES PAINT UNIFORM COLOR CEILING ROOM CELLAR PAINT METAL ACCORDANCE DEPT. REGULATION OVERHEAD STEAM PIPES ROOM CELLAR PAINT METAL ACCORDANCE DEPT. REGULATION OVERHEAD STEAM PIPES ROOM CELLAR ABATE NUISANCE CONSISTING MICE ENTIRE PROVIDE ADEQUATE SUPPLY GAS FIXTURES GAS STOVE KITCHEN FIRE EGRESS DEFECTIVE. REMOVE OBSTRUCTING BARS UNLAWFUL GATES WINDOW FIRE ESCAPE PROVIDE APPROVED TYPE GATE ARRANGE MAKE SELF-CLOSING DOORS ENTRANCE PROPERLY REPAIR SIMILAR MATERIAL BROKEN DEFECTIVE WOOD FLOOR ROOM ARRANGE MAKE SELF-CLOSING DOORS ENTRANCE FIRE EGRESS DEFECTIVE. REMOVE OBSTRUCTION FIREPROOF PASSAGEWAY ,GARBAGE YARD BUILDING REAR REPAIR REPLACE SMOKE DETECTOR MISSING ENTIRE REMOVE ACCUMULATION REFUSE RUBBISH MAINTAIN CLEAN CONDITION YARD",40.800157,-73.942589
1016600031,"TRACE REPAIR SOURCE ABATE NUISANCE CONSISTING MOLD WALLS CEILING BATHROOM OWNER FAILED FILE VALID REGISTRATION STATEMENT DEPARTMENT THEREFORE SUBJECT CIVIL PENALTIES PROHIBITED CERTIFYING VIOLATIONS DENIED RIGHT RECOVER POSSESSION PREMISES FOR NONPAYMENT RENT UNTIL VALID REGISTRATION STATEMENT FILED. REPAIR BROKEN DEFECTIVE PLASTERED SURFACES PAINT UNIFORM COLOR CEILING FOYER POST NOTICE FORM APPROVED DEPARTMENT STATING NAME LOCATION PERSON DESIGNATED OWNER HAVE KEY BUILDINGS HEATING SYSTEM MISSING PUBLIC HALL REMOVE ENCUMBRANCES CONSISTING CONSTRUCTION MATERIAL PUBLIC HALL TRACE REPAIR SOURCE ABATE NUISANCE CONSISTING MOLD CEILING BATHROOM REPLACE NEW BROKEN DEFECTIVE CERAMIC WALL TILES WALL BATHROOM PROPERLY REPAIR BROKEN DEFECTIVE INTERCOM SYSTEM WALL ENTRANCE PROPERLY REPAIR SIMILAR MATERIAL BROKEN DEFECTIVE WOOD FLOORING ROOM ",40.794354,-73.941410
1016610016,"ABATE NUISANCE CONSISTING AIR CONDITIONER LOWER SASH FIRE ESCAPE WINDOW REMOVE COVER MANNER APPROVED DEPARTMENT PEELING LEAD PAINT CEILING WALL WALL 3 STY 11 ROOM TORRES 410 5475 E R1 REMOVE COVER MANNER APPROVED DEPARTMENT PEELING LEAD PAINT WALLS KITCHEN 3 STY ATP 11 ER1 REPAIR BROKEN DEFECTIVE PLASTERED SURFACES PAINT UNIFORM COLOR WALLS CEILING BATHROOM REMOVE COVER MANNER APPROVED DEPARTMENT PEELING LEAD PAINT WALL WALL 3 STY 11 ROOM ER1 PROPERLY REPAIR BROKEN DEFECTIVE LOWER WINDOW SASH 3 STY 11 ROOM SECTION 53 187 231 M/D LAW DEPARTMENT RULES REGULATIONS. PROVIDE SHOE PROPERLY SECURED BOTTOM STRING DROPLADDER SECTION FIRE ESCAPE PROPERLY REPAIR SIMILAR MATERIAL BROKEN DEFECTIVE CERAMIC FLOOR TILES BATHROOM OWNER FAILED FILE VALID REGISTRATION STATEMENT DEPARTMENT THEREFORE SUBJECT CIVIL PENALTIES PROHIBITED CERTIFYING VIOLATIONS DENIED RIGHT RECOVER POSSESSION PREMISES FOR NONPAYMENT RENT UNTIL VALID REGISTRATION STATEMENT FILED ADM CODE ARRANGE MAKE SELF-CLOSING DOORS COURT YARD PUBLIC HALL PROVIDE APPROVED OPERATIONAL SMOKE DETECTING DEVICE INSTALLED ACCORDANCE DEPARTMENT BUILDINGS RULES REGULATIONS MISSING 1 STY FRONT 2. MAKE SAFE PROPERLY REPAIRING STRUCTURAL DEFECT DEFLECTION FLOOR JOISTS THRU OUT 1 STY 4 DOB# 1035617. PROPERLY REPAIR BROKEN DEFECTIVE VESTIBLE DOOR ARRANGE MAKE SELF-CLOSING DOORS ENTRANCE ENTIRE PROPERLY REPAIR SIMILAR MATERIAL BROKEN DEFECTIVE CERAMIC TILES & WALLS BATHROOM REMOVE COVER MANNER APPROVED DEPARTMENT PEELING LEAD PAINT WALL 2 STY 8 WATERCLOSET PROPERLY REPAIR BROKEN DEFECTIVE CEILING LIGHT FIXTURE ROOM REPAIR BROKEN DEFECTIVE PLASTERED SURFACES PAINT UNIFORM COLOR WALLS CEILING THROUGHOUT KITCHENETTE ",40.794407,-73.941493
1016610017,"REPAIR REPLACE CARBON MONOXIDE DETECTING DEVICE(S). MISSING ENTIRE POST NOTICE FORM APPROVED DEPARTMENT STATING NAME LOCATION PERSON DESIGNATED OWNER HAVE KEY BUILDINGS HEATING SYSTEM MISSING PUBLIC HALL FIRE EGRESS DEFECTIVE. REMOVE OBSTRUCTING BARS UNLAWFUL GATES WINDOW FIRE ESCAPE PROVIDE APPROVED TYPE GATE ENTIRE REMOVE ILLEGAL FASTENING CONSISTING LOCKABLE SLIDEBOLT INSTALLED ONTO ENTRANCE DOOR FOYER PAINT METAL ACCORDANCE DEPT. REGULATION RISERS & RADIATORS ENTIRE SECTION ADMIN. CODE: POST MAINTAIN PROPER NOTICE WALL ENTRANCE ENGLISH SPANISH AVAILABILITY AGENCY?S HOUSING INFORMATION GUIDE. SAMPLE NOTICE CAN BE FOUND WWW.NYC.GOV/HPD. LOBBYOWNER FAILED FILE VALID REGISTRATION STATEMENT DEPARTMENT THEREFORE SUBJECT CIVIL PENALTIES PROHIBITED CERTIFYING VIOLATIONS DENIED RIGHT RECOVER POSSESSION PREMISES FOR NONPAYMENT RENT UNTIL VALID REGISTRATION STATEMENT FILED. REPAIR REPLACE SMOKE DETECTOR MISSING ENTIRE FIRE EGRESS DEFECTIVE. REMOVE OBSTRUCTING BARS UNLAWFUL GATES L 1 WINDOW PROVIDE APPROVED TYPE GATE ENTIRE ARRANGE MAKE SELF-CLOSING DOORS ENTRANCE ARRANGE MAKE SELF-CLOSING DOORS APT. ENTRANCE KITCHENETTE ARRANGE MAKE SELF-CLOSING DOORS APT. ENTRANCE KITCHENETTE PAINT METAL ACCORDANCE DEPT. REGULATION ENTRANCE DOOR KITCHENETTE PROPERLY REPAIR ABATE UNSAFE ELECTRIC WIRING CONDITION CONSISTING EXPOSED ELECTRICAL WIRING CEILING FAN LIGHT FIXTURE KITCHENETTE ",40.794396,-73.941460
1016610018," HMC: PROPERLY REPAIR SOURCE ABATE EVIDENCE WATER LEAK CEILING PUBLIC HALL POST FORM APPROVED COMMISSIONER MAINTAIN NOTICE COMMON AREA BUILDING REGARDING PROCEDURES BE FOLLOWED GAS LEAK SUSPECTED PUBLIC HALL ",40.794382,-73.941431
1016610044," HMC: PROPERLY REPAIR SOURCE ABATE EVIDENCE WATER LEAK CEILING BATHROOM TRACE REPAIR SOURCE ABATE NUISANCE CONSISTING MOLD WALL BATHROOM PROPERLY REPAIR SIMILAR MATERIAL BROKEN DEFECTIVE FIRE RETARDANT MATERIAL CEILING WALLS PUBLIC HALL REPLACE BROKEN DEFECTIVE HEAT RISER AIR VALVE DEPT. RULES REGULATIONS. REMOVE ENCUMBRANCE OBSTRUCTING EGRESS FIRE ESCAPES AIR CONDITIONER 2ND BALCONY STACK BUILDING FRONT FIRE ESCAPE PROPERLY REPAIR SIMILAR MATERIAL BROKEN DEFECTIVE CAULKING METAL WINDOW FRAME TOP BOTTOM SASHES BATHROOM DEPT. RULES REGULATIONS. REMOVE ENCUMBRANCE OBSTRUCTING EGRESS FIRE ESCAPES AIR CONDITIONER 3RD BALCONY STACK BUILDING FRONT FIRE ESCAPEREMOVE ENCUMBRANCE OBSTRUCTING EGRESS FIRE ESCAPES AIR CONDITIONER 4TH BALCONY STACK BUILDING FRONT FIRE ESCAPE REPAIR BROKEN DEFECTIVE PLASTERED SURFACES PAINT UNIFORM COLOR CEILING BATHROOM REPLACE BROKEN DEFECTIVE WASHBASIN DRAIN PIPE BATHROOMOWNER FAILED FILE VALID REGISTRATION STATEMENT DEPARTMENT THEREFORE SUBJECT CIVIL PENALTIES PROHIBITED CERTIFYING VIOLATIONS DENIED RIGHT RECOVER POSSESSION PREMISES FOR NONPAYMENT RENT UNTIL VALID REGISTRATION STATEMENT FILED. CORRECT LEAD-BASED PAINT HAZARD - PRESUMED LEAD PAINT PEELING DETERIORATED SUBSURFACE PROPERLY REPAIR SOURCE ABATE EVIDENCE WATER LEAK CEILING BATHROOM REPAIR BROKEN DEFECTIVE PLASTERED SURFACES PAINT UNIFORM COLOR CEILING BATHROOM REPAIR REPLACE CARBON MONOXIDE DETECTING DEVICE(S). MISSING ",40.795312,-73.941676
1016650033,"ARRANGE MAKE SELF-CLOSING DOORS ENTRANCE REPAIR BROKEN DEFECTIVE PLASTERED SURFACES PAINT UNIFORM COLOR WALL ROOM PROPERLY REPAIR SIMILAR MATERIAL BROKEN DEFECTIVE WOOD FLOOR REMOVE ENCUMBRANCES CONSISTING PIECES FREE STANDING SHEET ROCK OTHER CONSTRUCTION MATERIALS PUBLIC HALL ARRANGE MAKE SELF-CLOSING DOORS ENTRANCE REPLACE NEW MISSING LOWER WINDOW SASH PUBLIC HALL INSTALL MISSING REPAIR/REPLACE DEFECTIVE WINDOW GUARD(S) THROUGHOUT PUBLIC AREAS ACCORDANCE SPECIFICATIONS NEW YORK CITY HEALTH CODE SECTION 24 RCNY CHAPTER 12. PUBLIC HALL ARRANGE MAKE SELF-CLOSING DOORS ENTRANCE PROVIDE APPROVED OPERATIONAL CARBON MONOXIDE DETECTING DEVICE INSTALLED ACCORDANCE APPLICABLE LAW RULES. ENTIRE ABATE NUISANCE CONSISTING VERMIN ROACHES ENTIRE PROPERLY REPAIR SIMILAR MATERIAL BROKEN DEFECTIVE CERAMIC TILE FLOOR BATHROOM REMOVE ACCUMULATION REFUSE RUBBISH MAINTAIN CLEAN CONDITION FIRE PASSAGEWAY REMOVE ILLEGAL FASTENING CONSISTING KEY OPERATED LOCK INSTALLED ROOM DOOR LEADING FIRE ESCAPE REMOVE ACCUMULATION REFUSE RUBBISH MAINTAIN CLEAN CONDITION FIRE PASSAGEWAY PROPERLY REPAIR SIMILAR MATERIAL BROKEN DEFECTIVE FIRE RETARDANT MATERIAL CEILING FIRE PASSAGEWAY ABATE NUISANCE CONSISTING UNCAPPED RADIATOR VALVE ROOM FIRE EGRESS DEFECTIVE. REMOVE OBSTRUCTING BARS UNLAWFUL GATES WINDOW FIRE ESCAPE PROVIDE APPROVED TYPE GATE ENTIRE PAINT METAL ACCORDANCE DEPT. REGULATION RISER BATHROOM REMOVE ACCUMULATION REFUSE RUBBISH MAINTAIN CLEAN CONDITION COURT YARD PAINT METAL ACCORDANCE DEPT. REGULATION PAINT METAL ACCORDANCE DEPT. REGULATION REMOVE ILLEGAL FASTENING KEY OPERATED LOCK INSTALLED DOOR ROOM FIRE ESCAPE ROOM OWNER FAILED FILE VALID REGISTRATION STATEMENT DEPARTMENT THEREFORE SUBJECT CIVIL PENALTIES PROHIBITED CERTIFYING VIOLATIONS DENIED RIGHT RECOVER POSSESSION PREMISES FOR NONPAYMENT RENT UNTIL VALID REGISTRATION STATEMENT FILED KITCHEN 11th POST NOTICE FORM APPROVED DEPARTMENT STATING NAME LOCATION PERSON DESIGNATED OWNER HAVE KEY BUILDINGS HEATING SYSTEM NEAR MAILBOXES 1ST PUBLICALSO DOOR BOILER ROOM CELLAR FIRE ESCAPE DEFECTIVE. ADJUST DROPLADDER SO IT WILL SLIDE EASILY GUIDE RODS COURT FIRE ESCAPE FIRE ESCAPE DEFECTIVE. REPLACE NEW BROKEN DEFECTIVE MISSING 9TH TREAD BOTTOM STAIR BETWEEN 2ND 3RD STY BALCONY COURT PROVIDE READY ACCESS BUILDINGS HEATING SYSTEM DOOR LOCKED BOILERROOM CELLAR ABATE NUISANCE CONSISTING ROACHES ENTIRE PAINT METAL ACCORDANCE DEPT. REGULATION STEAM RISER BATHROOM REMOVE COVER MANNER APPROVED DEPARTMENT PEELING LEAD PAINT CEILING WALL 3 STY 13 BATHROOM GUZMAN 831 6493 ER1 5200. REMOVE COVER MANNER APPROVED DEPARTMENT PEELING LEAD PAINT BATHROOM CEILING WOOD MOLDING & CASING DOOR 3 STY ATP 13 REMOVE COVER MANNER APPROVED DEPARTMENT PEELING LEAD PAINT WALL KITCHEN 3 STY 13 REMOVE COVER MANNER APPROVED DEPARTMENT PEELING LEAD PAINT ROOM WALL 3 STY 13 REMOVE COVER MANNER APPROVED DEPARTMENT PEELING LEAD PAINT ROOM WOOD MOLDING & CASING WINDOW & FLOOR MOLDING 3 STY PAT 13 REMOVE COVER MANNER APPROVED DEPARTMENT PEELING LEAD PAINT ROOM WOOD WINDOW SILL & CASING 3 STY 13 987 4103 VELDEZ REMOVE COVER MANNER APPROVED DEPARTMENT PEELING LEAD PAINT PLASTER WALLS ROOM 3 STY 13 ER1. REMOVE COVER MANNER APPROVED DEPARTMENT PEELING LEAD PAINT CEILING RADIATOR ROOM 3 STY 13. REMOVE COVER MANNER APPROVED DEPARTMENT PEELING LEAD PAINT WALL ROOM 3 STY 13 MOTHER MRS VALDEZ 9. REMOVE COVER MANNER APPROVED DEPARTMENT PEELING LEAD PAINT CEILING ROOM 3 STY 13A ER1. REMOVE COVER MANNER APPROVED DEPARTMENT PEELING LEAD PAINT WALL BATHROOM 3 STY 13A VALEZ 987 0071 ER1. REPLACE NEW BROKEN DEFECTIVE 13TH. MARBLE TREAD UP BOTTOM PUBLIC HALL STAIRS PAINT METAL ACCORDANCE DEPT. REGULATION STEAM RISER BATHROOM PAINT METAL ACCORDANCE DEPT. REGULATION STEAM RISER BATHROOM 6th REMOVE ACCUMULATION REFUSE RUBBISH MAINTAIN CLEAN CONDITION FIRE PASSAGEWAYS. RUBBISH OLD FURNISHINGS STORED FIRE PASSAGEWAYS REMOVE OBSTRUCTIONS REPAIR DEFECTS WASTE LINE SINK KITCHEN REMOVE ILLEGAL FASTENING SLIDE BOLT CAPABLE BEING PADLOCKED INSTALLED LOT LINE GATE FRONT FIRE PASSAGEWAY FIRE ESCAPE ABATE NUISANCE CONSISTING HOUSEHOLD ITEMS CONSTRUCTION MATERIALS STORED FIRE PASSAGEWAY OBSTRUCTING EGRESS FIRE ESCAPEPOST FORM APPROVED COMMISSIONER MAINTAIN NOTICE COMMON AREA BUILDING REGARDING PROCEDURES BE FOLLOWED GAS LEAK SUSPECTED PUBLIC HALL REMOVE ACCUMULATION REFUSE RUBBISH MAINTAIN CLEAN CONDITION FLOOR PUBLIC HALL 6th PROPERLY REPAIR SIMILAR MATERIAL BROKEN DEFECTIVE BRICK MORTAR INTERIOR WALLS BULKHEAD REMOVE OBSTRUCTIONS REPAIR DEFECTS BATH TUB WASTE LINE BATHROOM REMOVE ACCUMULATION REFUSE RUBBISH MAINTAIN CLEAN CONDITION YARD PROPERLY REPAIR BROKEN DEFECTIVE SINK BASE CABINET KITCHEN REMOVE ENCUMBRANCES CONSISTING SHEET ROCK WATER BOARDS OTHER CONSTRUCTION MATERIALS PUBLIC HALL REMOVE ENCUMBRANCES CONSISTING BICYCLE CHAINED HAND RAIL PUBLIC HALL 6th , 2012 ADM CODE REMOVE ACCUMULATION REFUSE RUBBISH MAINTAIN CLEAN CONDITION YARD TRACE REPAIR SOURCE ABATE NUISANCE CONSISTING MOLD 18 SQUARE FEET CEILING WALLS BATHROOM PAINT METAL ACCORDANCE DEPT. REGULATION HEAT RISER BATHROOM 6th ARRANGE MAKE SELF-CLOSING DOORS APT. ENTRANCE FOYER REPAIR BROKEN DEFECTIVE PLASTERED SURFACES PAINT UNIFORM COLOR CEILING ROOM PROPERLY REPAIR SOURCE ABATE EVIDENCE WATER LEAK CEILING KITCHEN ",40.797543,-73.939081
1016650034,"REPAIR BROKEN DEFECTIVE CONNECTION WASTELINE SINK KITCHEN REMOVE ENCUMBRANCES CONSISTING 7 PIECES 4' 3' DUROCK CEMENT BOARDS OTHER CONSTRUCTION MATERIALS PUBLIC HALLOWNER FAILED FILE VALID REGISTRATION STATEMENT DEPARTMENT THEREFORE SUBJECT CIVIL PENALTIES PROHIBITED CERTIFYING VIOLATIONS DENIED RIGHT RECOVER POSSESSION PREMISES FOR NONPAYMENT RENT UNTIL VALID REGISTRATION STATEMENT FILED HMC: PROPERLY REPAIR SOURCE ABATE EVIDENCE WATER LEAK WATER CASCADING CEILING BATHROOM REMOVE ENCUMBRANCES CONSISTING BABY STROLLERS OTHER HOUSE HOLD ITEMS PUBLIC HALL REMOVE ILLEGAL FASTENING PAD LOCK CHAIN IRON GATE STREET FIRE PASSAGEWAY PROVIDE APPROVED OPERATIONAL CARBON MONOXIDE DETECTING DEVICE INSTALLED ACCORDANCE APPLICABLE LAW RULES. ENTIRE PAINT METAL ACCORDANCE DEPT. REGULATION REMOVE ILLEGAL FASTENING SLIDE BOLT CAPABLE PADLOCKING ENTRANCE REMOVE ENCUMBRANCES CONSISTING 2 BICYCLES CHAINED HAND RAIL PUBLIC HALL PROPERLY REPAIR BROKEN DEFECTIVE METAL SINK BASE BOTTOM SHELF RUSTY WATER DAMAGE KITCHEN REPAIR BROKEN DEFECTIVE PLASTERED SURFACES PAINT UNIFORM COLOR CEILING BATHROOM REMOVE ILLEGAL FASTENING KEYED OPERATED LOCK DOOR LEADING FIRE ESCAPE WINDOW FIRE EGRESS DEFECTIVE. REMOVE OBSTRUCTING BARS UNLAWFUL GATES WINDOW FIRE ESCAPE PROVIDE APPROVED TYPE GATE ENTIRE REPAIR BROKEN DEFECTIVE PLASTERED SURFACES PAINT UNIFORM COLOR CEILING KITCHEN REPAIR BROKEN DEFECTIVE PLASTERED SURFACES PAINT UNIFORM COLOR CEILING WALLS BATHROOM ARRANGE MAKE SELF-CLOSING DOORS BOILER ROOM PROPERLY REPAIR BROKEN DEFECTIVE PAVING CONCRETE FLOOR THROUGHOUT CELLAR REFIT WOOD DOOR BATHROOM REPAIR BROKEN DEFECTIVE PLASTERED SURFACES PAINT UNIFORM COLOR CEILING KITCHEN TRACE REPAIR SOURCE ABATE NUISANCE CONSISTING MOLD CEILING (APPROX 16 SQ FT) BATHROOM FIRE EGRESS DEFECTIVE. REMOVE OBSTRUCTION FIREPROOF PASSAGEWAY YARD CONSISTING GARBAGE CONSTRUCTION MATERIAL FIRE PASSAGE WAYREMOVE ENCUMBRANCE OBSTRUCTING EGRESS FIRE ESCAPES CONSISTING BICYCLE FIRE ESCAPE 3 BALCONY FIRE ESCAPE DEFECTIVE. ADJUST DROPLADDER SO IT WILL SLIDE EASILY GUIDE RODS FIRE ESCAPE PROPERLY REPAIR BROKEN DEFECTIVE METAL DOOR ENTRANCE ARRANGE MAKE SELF-CLOSING DOORS ENTRANCE FIRE EGRESS DEFECTIVE. REMOVE OBSTRUCTING BARS UNLAWFUL GATES WINDOW FIRE ESCAPE PROVIDE APPROVED TYPE GATE ENTIRE TRACE REPAIR SOURCE ABATE NUISANCE CONSISTING MOLD CEILING (APPRX. 8 SQ. FT.) BATHROOM TRACE REPAIR SOURCE ABATE NUISANCE CONSISTING MOLD CEILING BATHROOM REPAIR BROKEN DEFECTIVE PLASTERED SURFACES PAINT UNIFORM COLOR CEILING BATHROOM REPLACE BROKEN DEFECTIVE BASIN FAUCET BATHROOM 6th REPAIR BROKEN DEFECTIVE PLASTERED SURFACES PAINT UNIFORM COLOR CEILING BATHROOM REPLACE NEW BROKEN DEFECTIVE RADIATOR VALVE ROOM 6th REPAIR BROKEN DEFECTIVE PLASTERED SURFACES PAINT UNIFORM COLOR CEILING ROOM 6th ",40.797570,-73.939146
1016650038,"PROPERLY SECURE LOOSE LIGHT FIXTURE CEILING FOYER REMOVE ILLEGAL FASTENING LOCKABLE DOOR KNOB INSTALLED DOOR LEADING FIRE ESCAPE WINDOW PAINT METAL ACCORDANCE DEPT. REGULATION RISERS & RADIATORS THRU-OUT ENTIRE PROPERLY REPAIR SIMILAR MATERIAL BROKEN DEFECTIVE CERAMIC FLOOR TILES. BATHROOM REPAIR BROKEN DEFECTIVE PLASTERED SURFACES PAINT UNIFORM COLOR CEILING BATHROOM ARRANGE MAKE SELF-CLOSING DOORS APT. ENTRANCE FOYER ABATE NUISANCE CONSISTING MICE ENTIRE OWNER FAILED FILE VALID REGISTRATION STATEMENT DEPARTMENT THEREFORE SUBJECT CIVIL PENALTIES PROHIBITED CERTIFYING VIOLATIONS DENIED RIGHT RECOVER POSSESSION PREMISES FOR NONPAYMENT RENT UNTIL VALID REGISTRATION STATEMENT FILED HMC: PROPERLY REPAIR SOURCE ABATE EVIDENCE WATER LEAK CEILING REMOVE ILLEGAL FASTENING KEY OPERATED LOCK INSTALLED DOOR ROOM FIRE ESCAPE WINDOW REMOVE ILLEGAL FASTENING KEY OPERATED LOCK INSTALLED DOOR ROOM LEADING FIRE ESCAPE WINDOW ROOM ARRANGE MAKE SELF-CLOSING DOORS ENTRANCEHMC: PROPERLY REPAIR SOURCE ABATE EVIDENCE WATER LEAK CEILING BATHROOM PAINT METAL ACCORDANCE DEPT. REGULATION HEAT RISER ROOM REMOVE ENCUMBRANCES CONSISTING INTRUDING LANDING AIRCONDITIONER FIRE ESCAPE REPAIR BROKEN DEFECTIVE PLASTERED SURFACES PAINT UNIFORM COLOR CEILING BATHROOM REMOVE ILLEGAL FASTENING CONSISTING KEY OPERATED LOCKSET INSTALLED DOOR LEADING FIRE ESCAPE ROOM DEPT. RULES REGULATIONS. REMOVE ENCUMBRANCE OBSTRUCTING EGRESS FIRE ESCAPES FLOWER POTS & HOUSE HOLD ITEMS 4TH & 5TH STACK FIRE ESCAPE INSTALL MISSING REPAIR/REPLACE DEFECTIVE WINDOW GUARD(S) ACCORDANCE SPECIFICATIONS NEW YORK CITY HEALTH CODE SECTION 24 RCNY CHAPTER 12. WG INSTALL = 2; WG REPLACE = 0; WG REPAIR = 1; ENTIRE REMOVE ILLEGAL FASTENING ,LOCK INSTALLED DOOR OBSTRUCTING ACCESS FIRE ESCAPE ROOM PROPERLY REPAIR SOURCE ABATE EVIDENCE WATER LEAK CEILING BATHROOM PROPERLY REPAIR SOURCE ABATE EVIDENCE WATER LEAK WALL PROPERLY REPAIR SOURCE ABATE EVIDENCE WATER LEAK CEILING BATHROOM REPAIR BROKEN DEFECTIVE PLASTERED SURFACES PAINT UNIFORM COLOR THYE WALLS CEILING BATHROOM ABATE NUISANCE CONSISTING BEDBUGS ENTIRE REPAIR BROKEN DEFECTIVE PLASTERED SURFACES PAINT UNIFORM COLOR UNKEYED PLASTER CEILING BATHROOM PROVIDE ADEQUATE SUPPLY HEAT FOR ENTIRE ",40.797609,-73.939240
1016660028,"REMOVE COVER MANNER APPROVED DEPARTMENT PEELING LEAD PAINT WALL ROOM 6 STY 31 ER1 REMOVE COVER MANNER APPROVED DEPARTMENT PEELING LEAD PAINT CEILING ROOM 6 STY 31 ER1 REMOVE COVER MANNER APPROVED DEPARTMENT PEELING LEAD PAINT WALL KITCHEN 2 STY 2 ER1 REMOVE COVER MANNER APPROVED DEPARTMENT PEELING LEAD PAINT CEILING WALL WALL KITCHEN 5 STY EASXT 24 REMOVE COVER MANNER APPROVED DEPARTMENT PEELING LEAD PAINT CEILING ROOM 5 STY 24 LOPEZ NO PHONE ER1 REMOVE COVER MANNER APPROVED DEPARTMENT PEELING LEAD PAINT DOOR JAMB & FRAME ROOM 5 STY 24 REMOVE COVER MANNER APPROVED DEPARTMENT PEELING LEAD PAINT DOOR JAMB & FRAME ROOM 5 STY EST 24 REMOVE COVER MANNER APPROVED DEPARTMENT PEELING LEAD PAINT WALL ROOM 5 STY 24 OWNER FAILED FILE VALID REGISTRATION STATEMENT DEPARTMENT THEREFORE SUBJECT CIVIL PENALTIES PROHIBITED CERTIFYING VIOLATIONS DENIED RIGHT RECOVER POSSESSION PREMISES FOR NONPAYMENT RENT UNTIL VALID REGISTRATION STATEMENT FILED. PROVIDE HOT WATER HOT WATER FIXTURES ENTIRE PROVIDE ADEQUATE SUPPLY HEAT FOR ENTIRE REMOVE COVER MANNER APPROVED DEPARTMENT PEELING LEAD PAINT WALL ROOM 2 STY FRONT 2 SANCHEZ 410 7167 ER1. REMOVE COVER MANNER APPROVED DEPARTMENT PEELING LEAD PAINT WALL ROOM 2 STY FRONT 2 SANCHEZ 410 7167 ER1 POST FORM APPROVED COMMISSIONER MAINTAIN NOTICE COMMON AREA BUILDING REGARDING PROCEDURES BE FOLLOWED GAS LEAK SUSPECTED REMOVE COVER MANNER APPROVED DEPARTMENT PEELING LEAD PAINT WALL ROOM 2 STY FRONT 2 SANCHEZ ER1. REMOVE COVER MANNER APPROVED DEPARTMENT PEELING LEAD PAINT WALL KITCHEN 6 STY 31 ER1 REMOVE COVER MANNER APPROVED DEPARTMENT PEELING LEAD PAINT WALL KITCHEN 6 STY 31 ER1 PROVIDE SUFFICIENT PROPER SEPARATE METAL RECEPTACLES FOR DEPOSIT GARBAGE RUBBISH OTHER WASTE MATERIAL ARRANGE FOR COLLECTION DISPOSAL SUCH MATERIAL. YARD REMOVE COVER MANNER APPROVED DEPARTMENT PEELING LEAD PAINT WALL BATHEROOM 6 STY 31 ER1 REPLACE NEW MISSING SUPPORT BRACKET FOR AIR CONDITIONER INSTALLED 4TH WINDOW FRONT BUILDING, REPLACE NEW MISSING SUPPORT BRACKET FOR AIR CONDITIONER INSTALLED 1ST WINDOW FRONT BUILDING, 6th REPAIR REPLACE CARBON MONOXIDE DETECTING DEVICE(S). (MISSING) REMOVE COVER MANNER APPROVED DEPARTMENT PEELING LEAD PAINT WALL BATHROOM 6 STY 31 ER1 REMOVE COVER MANNER APPROVED DEPARTMENT PEELING LEAD PAINT CEILING BATHROOM 6 STY 31 AMEZQOITA NO PHONE ER1 REMOVE COVER MANNER APPROVED DEPARTMENT PEELING LEAD PAINT CEILING CENTER ROOM 6 STY 31 ER1REMOVE ENCUMBRANCE OBSTRUCTING EGRESS FIRE ESCAPES ,CABLE WIRES CRISS-CROSSING,ALL STORIES,2ND FIRE ESCAPE ,FRONT BUILDING TRACE REPAIR SOURCE ABATE NUISANCE CONSISTING MOLD WOODEN BASE CABINET UNDERNEATH WASHBASIN(APPROX. 4 SQ. FT.) BATHROOM REMOVE COVER MANNER APPROVED DEPARTMENT PEELING LEAD PAINT WALL NORHT ROOM 6 STY 31 ER1",40.798179,-73.938484
1016670009,"CORRECT LEAD-BASED PAINT HAZARD - PRESUMED LEAD PAINT PEELING DETERIORATED SUBSURFACE CORRECT LEAD-BASED PAINT HAZARD - PRESUMED LEAD PAINT PEELING DETERIORATED SUBSURFACE CORRECT LEAD-BASED PAINT HAZARD - PRESUMED LEAD PAINT PEELING DETERIORATED SUBSURFACEWALL ROOM SECTION 300 301 302 M/D LAW FILE PLANS OBTAIN CERTIFICATE OCCUPANCY LEGALIZE FOLLOWING ALTERATION RESTORE PREMISES PRIOR LEGAL CONDITION ILLEGAL CLASS ''A'' CREATED FULL KITCHEN BATHROOM CELLAR CELLAR PROVIDE METAL PAN 3RD 4TH 5TH 6TH 10TH,11TH 13TH MARBLE TREAD BOTTOM PUBLIC HALL STAIRS REMOVE ILLEGAL FASTENING DOUBLE CYCLINDER LOCK INSTALLED DOOR ENTRANCE 6th PROPERLY REPAIR SIMILAR MATERIAL BROKEN DEFECTIVE FIRE RETARDENT CEILING CELLAR THRU OUT. PROPERLY REPAIR SIMILAR MATERIAL BROKEN DEFECTIVE CONCRETE CERAMIC FLOOR TILES PUBLIC HALL DEPT. RULES REGULATIONS. REMOVE ENCUMBRANCE OBSTRUCTING EGRESS FIRE ESCAPES HOUSEHOLD ITEMS FRONT BUILDING FIRE ESCAPE REPLACE NEW BROKEN DEFECTIVE 8TH 9TH MARBLE TREAD BOTTOM PUBLIC HALL STAIRS REPLACE NEW BROKEN DEFECTIVE MARBLE INTERMEDIATE LANDING PUBLIC HALL STAIRS REPAIR BROKEN DEFECTIVE PLASTERED SURFACES PAINT UNIFORM COLOR WALL KITCHEN PROVIDE METAL PAN 8TH 9TH MARBLE TREAD BOTTOM PUBLIC HALL STAIRS REMOVE ENCUMBRANCES CONSISTING HOUSE HOLD ITEMS 2ND STY BALCONY SECTION ARRANGE MAKE SELF-CLOSING DOORS ENTRANCE 6th ARRANGE MAKE SELF-CLOSING DOORS ENTRANCE DEPT. RULES REGULATIONS. REMOVE ENCUMBRANCE OBSTRUCTING EGRESS FIRE ESCAPES FLOWER POTS FRONT BUILDING FIRE ESCAPE 6th ABATE NUISANCE CONSISTING MICE ENTIRE REMOVE ILLEGAL FASTENING DOUBLE CYLINDER KEY OPERATED LOCK INSTALLED DOOR ENTRANCE 6th OWNER FAILED FILE VALID REGISTRATION STATEMENT DEPARTMENT THEREFORE SUBJECT CIVIL PENALTIES PROHIBITED CERTIFYING VIOLATIONS DENIED RIGHT RECOVER POSSESSION PREMISES FOR NONPAYMENT RENT UNTIL VALID REGISTRATION STATEMENT FILED. APTS HAVE BEEN VACATED THIS DEPARTMENT CANNOT BE REOCCUPIED UNTIL SO ORDERED AFTER PROOF COMPLIANCE FOR APTS (FIRE DAMAGED )1 STY FIRST #1",40.798396,-73.938954
1016670016,"CORRECT LEAD-BASED PAINT HAZARD - PRESUMED LEAD PAINT PEELING DETERIORATED SUBSURFACE PAINT METAL ACCORDANCE DEPT. REGULATION STEAM- RISER KITCHEN REPLACE NEW BROKEN DEFECTIVE MARBLE SADDLE ENTRANCE DOOR BATHROOM TRACE REPAIR SOURCE ABATE NUISANCE CONSISTING MOLD CEILING WALLS BATHROOM PROPERLY REPAIR SIMILAR MATERIAL BROKEN DEFECTIVE WOOD FLOOR ROOM PROPERLY REPAIR SIMILAR MATERIAL BROKEN DEFECTIVE WOOD FLOOR PRIVATE HALLWAY PROPERLY REPAIR SIMILAR MATERIAL BROKEN DEFECTIVE WOOD FLOOR DEPT. RULES REGULATIONS. REMOVE ENCUMBRANCE OBSTRUCTING EGRESS FIRE ESCAPES CONSISTING AIR CONDITIONER WINDOW 3RD STY FIRE ESCAPEREMOVE ENCUMBRANCE OBSTRUCTING EGRESS FIRE ESCAPES CONSISTING AIR CONDITIONER WINDOW 3RD STY FIRE ESCAPE PROVIDE ADEQUATE SUPPLY GAS FIXTURES RANGE KITCHEN DEPT. RULES REGULATIONS. REMOVE ENCUMBRANCE OBSTRUCTING EGRESS FIRE ESCAPES HOUSE HOLD ITEMS 3RD & 2ND BALCONY FIRE ESCAPE REAR YARD FIRE ESCAPE DEFECTIVE. PROPERLY SECURE LOOSE IRON TREAD - 6TH BOTTOM - 5TH STAIRSFIRE ESCAPE REAR YARD FIRE ESCAPE DEFECTIVE. REPLACE NEW BROKEN DEFECTIVE MISSING METAL BRACES GOOSE NECK LADDER FIRE ESCAPE REAR YARD REMOVE ENCUMBRANCE OBSTRUCTING EGRESS FIRE ESCAPES HOUSE HOLD ITEMS 5TH & 3RD BALCONY FIRE ESCAPE REAR YARD PROPERLY SECURE LOOSE IRON VENT PIPE ROOFREMOVE ENCUMBRANCE OBSTRUCTING EGRESS FIRE ESCAPES TV CABLES & GOOSE NECK ROOF. PROVIDE FIRE GUARD FIRE STOPS HAVE BEEN REMOVED APT. 2D. PROPERLY REPAIR SIMILAR MATERIAL BROKEN DEFECTIVE PORCELAIN ENAMEL GLAZE BATHTUB BATHROOM DEPT. RULES REGULATIONS. REMOVE ENCUMBRANCE OBSTRUCTING EGRESS FIRE ESCAPES FRONT- CONSISTING AIR CONDITIONER WINDOWREMOVE ENCUMBRANCE OBSTRUCTING EGRESS FIRE ESCAPES FRONT- CONSISTING AIR CONDITIONER WINDOW REPAIR BROKEN DEFECTIVE PLASTERED SURFACES PAINT UNIFORM COLOR WALLS CEILING REMOVE ENCUMBRANCES CONSISTING HOUSE HOLD ITEMS STACK BUILDING FRONT FIRE ESCAPE POST FORM APPROVED COMMISSIONER MAINTAIN NOTICE COMMON AREA BUILDING REGARDING PROCEDURES BE FOLLOWED GAS LEAK SUSPECTED PUBLIC HALL DEPT. RULES REGULATIONS. REMOVE ENCUMBRANCE OBSTRUCTING EGRESS FIRE ESCAPES AIR CONDITIONER 2ND BALCONY FRONT FIRE ESCAPEREMOVE ENCUMBRANCE OBSTRUCTING EGRESS FIRE ESCAPES FLOWER POTS FRONT BUILDING FIRE ESCAPE 6th REMOVE ENCUMBRANCE OBSTRUCTING EGRESS FIRE ESCAPES FLOWER POTS FRONT BUILDING FIRE ESCAPE SECTION .1 HMC: POST PROPER NOTICE CARBON MONOXIDE DETECTING DEVICE REQUIREMENTS FORM APPROVED COMMISSIONER COMMON AREA CLASS MULTIPLE DWELLING NEAR INSPECTION CERTIFICATE PROVIDE NOTICE TENANTS PRIVATE DWELLING. PUBLIC HALL POST NOTICE FORM APPROVED DEPARTMENT STATING NAME LOCATION PERSON DESIGNATED OWNER HAVE KEY BUILDINGS HEATING SYSTEM SIGN MISSING PUBLIC HALL POST NOTICE FORM APPROVED DEPARTMENT STATING NAME LOCATION PERSON DESIGNATED OWNER HAVE KEY BUILDINGS HEATING SYSTEM KEY HEATING SYSTEM MUST BE PREMISES PUBLIC HALL PAINT METAL ACCORDANCE DEPT. REGULATION HEAT RISER BATHROOM PAINT METAL ACCORDANCE DEPT. REGULATION STEAM RISER KITCHEN HMC: PROPERLY REPAIR SOURCE ABATE EVIDENCE WATER LEAK CEILING KITCHEN PROVIDE READY ACCESS BUILDINGS HEATING SYSTEM LOCKED DOOR BIOLER ROOM BASEMENT ABATE NUISANCE CONSISTING FREE-STANDING RADIATOR PUBLIC HALL PROVIDE ADEQUATE SUPPLY GAS FIXTURES STOVE ENTIRE 6th OWNER FAILED FILE VALID REGISTRATION STATEMENT DEPARTMENT THEREFORE SUBJECT CIVIL PENALTIES PROHIBITED CERTIFYING VIOLATIONS DENIED RIGHT RECOVER POSSESSION PREMISES FOR NONPAYMENT RENT UNTIL VALID REGISTRATION STATEMENT FILED. CORRECT LEAD-BASED PAINT HAZARD - PAINT TESTED POSITIVE FOR LEAD CONTENT PEELING DETERIORATED SUBSURFACE - PROPERLY REPAIR SOURCE ABATE EVIDENCE WATER LEAK CEILING WALL BATHROOM PROPERLY REPAIR SOURCE ABATE EVIDENCE WATER LEAK WALL KITCHEN ",40.798289,-73.938701
1016670018,"PROPERLY REPAIR BROKEN DEFECTIVE PAVING CELLAR FLOOR REPAIR BROKEN DEFECTIVE PLASTERED SURFACES PAINT UNIFORM COLOR WALLWALLWALL CEILING KITCHEN 6th DEPT. RULES REGULATIONS. REMOVE ENCUMBRANCE OBSTRUCTING EGRESS FIRE ESCAPES ( REAR ) HOUSEHOLD ITEMS FLOWER POTS PROVIDE SUFFICIENT PROPER SEPARATE METAL RECEPTACLES FOR DEPOSIT GARBAGE RUBBISH OTHER WASTE MATERIAL ARRANGE FOR COLLECTION DISPOSAL SUCH MATERIAL. YARD ABATE NUISANCE CONSISTING MICE ENTIRE BATHROOM KITCHEN PROVIDE READY ACCESS BUILDINGS HEATING SYSTEM .LOCKED DOOR BOILER BASEMENT REPLACE STANDARD WIRE GLASS PRESENT GLASS UPPER WINDOW SASH LOWER WINDOW SASH . STORIES PUBLIC HALL STAIRS REPLACE BROKEN DEFECTIVE PEELING PORCELIN INTERIOR FINISH BATHTUB BATHROOM REMOVE ENCUMBRANCES CONSISTING HOUSE HOLD ITEMS PUBLIC HALLOWNER FAILED FILE VALID REGISTRATION STATEMENT DEPARTMENT THEREFORE SUBJECT CIVIL PENALTIES PROHIBITED CERTIFYING VIOLATIONS DENIED RIGHT RECOVER POSSESSION PREMISES FOR NONPAYMENT RENT UNTIL VALID REGISTRATION STATEMENT FILED. REPAIR LEAKY DEFECTIVE FAUCETS BATHTUB BATHROOM 6th INSTALL MAINTAIN SUFFICIENT LIGHT LIGHTS L 100 WATTS INCANDESCENT EQUIVALENT EACH LIGHT ADEQUATELY SUNSET SUNRISE YARD PROVIDE HOT WATER HOT WATER FIXTURES ENTIRE ABATE NUISANCE CONSISTING FREE-STANDING RADIATOR PUBLIC HALL 6th REPAIR BROKEN DEFECTIVE PLASTERED SURFACES PAINT UNIFORM COLOR WALLWALL CEILING ROOM 6th REPAIR BROKEN DEFECTIVE PLASTERED SURFACES PAINT UNIFORM COLOR WALLWALL CEILING BATHROOM 6th REPAIR BROKEN DEFECTIVE PLASTERED SURFACES PAINT UNIFORM COLOR WALLWALL PRIVATE HALLWAY 6th ",40.798262,-73.938636
1016670039," ABATE NUISANCE CONSISTING CONCEALED WATER LEAK SINK BASE CABINET KITCHEN ARRANGE MAKE SELF-CLOSING DOORS ENTRANCE ENTIRE REMOVE ENCUMBRANCES CONSISTING HOUSEHOLD ITEMS PUBLIC HALL ARRANGE MAKE SELF-CLOSING DOORS ENTRANCE ENTIRE 6th OWNER FAILED FILE VALID REGISTRATION STATEMENT DEPARTMENT THEREFORE SUBJECT CIVIL PENALTIES PROHIBITED CERTIFYING VIOLATIONS DENIED RIGHT RECOVER POSSESSION PREMISES FOR NONPAYMENT RENT UNTIL VALID REGISTRATION STATEMENT FILED. PROPERLY REPAIR SIMILAR MATERIAL BROKEN DEFECTIVE CERAMIC TILES WALLS BATHROOM PROPERLY REPAIR SOURCE ABATE EVIDENCE WATER LEAK CEILING PUBLIC HALL 6th 6th PROPERLY REPAIR SIMILAR MATERIAL BROKEN DEFECTIVE FIRE RETARDANT MATERIAL CEILING PUBLIC HALL 6th REPLACE NEW BROKEN DEFECTIVE CONCRETE LENTILS 2ND 4TH FRONT BUILDING PROPERLY REPAIR SIMILAR MATERIAL BROKEN DEFECTIVE FIRE RETARDANT MATERIAL WINDOW STOOL PUBLIC HALL 6th REPAIR BROKEN DEFECTIVE PLASTERED SURFACES PAINT UNIFORM COLOR WALL ROOM 6th PROPERLY REPAIR SIMILAR MATERIAL BROKEN DEFECTIVE FIRE RETARDANT MATERIAL WINDOW STOOL PUBLIC HALL STAIRS PROPERLY REPAIR SIMILAR MATERIAL BROKEN DEFECTIVE FIRE RETARDANT MATERIAL WINDOW STOOL PUBLIC HALL ",40.798997,-73.938465
1016770040," REMOVE ENCUMBRANCE OBSTRUCTING EGRESS FIRE ESCAPES WIRES WRAPPED AROUND DROP LADDER PROVIDE APPROVED OPERATIONAL CARBON MONOXIDE DETECTING DEVICE INSTALLED ACCORDANCE APPLICABLE LAW RULES. PROVIDE READY ACCESS BUILDINGS HEATING SYSTEM DOOR LOCK PUBLIC HALL FIRE EGRESS DEFECTIVE. REMOVE OBSTRUCTING BARS UNLAWFUL GATES WINDOW FIRE ESCAPE PROVIDE APPROVED TYPE GATE PAINT METAL ACCORDANCE DEPT. REGULATION RADIATORS RISERS ENTIRE PROVIDE APPROVED OPERATIONAL SMOKE DETECTING DEVICE INSTALLED ACCORDANCE DEPARTMENT BUILDINGS RULES REGULATIONS MISSING PROPERLY REPAIR BROKEN DEFECTIVE HAND RAIL 1ST STY PUBLIC HALL CELLAR STAIR. REPAIR BROKEN DEFECTIVE PLASTERED SURFACES PAINT UNIFORM COLOR CEILING WALL LIVING ROOM ARRANGE MAKE SELF-CLOSING DOORS ENTRANCE DEPT. RULES REGULATIONS. REMOVE ENCUMBRANCE OBSTRUCTING EGRESS FIRE ESCAPES AIR CONDITIONER BALCONY FRONT FIRE ESCAPE REMOVE ENCUMBRANCE OBSTRUCTING EGRESS FIRE ESCAPES CONSISTING CABLE WIRES 2ND STY BALCONY FRONT BUILDING FIRE ESCAPE PROPERLY REPAIR SIMILAR MATERIAL BROKEN DEFECTIVE WOOD FLOOR INTERMEDIATE LANDING PUBLIC HALL STAIRS REPAIR BROKEN DEFECTIVE PLASTERED SURFACES PAINT UNIFORM COLOR WALL BATHROOM REMOVE ENCUMBRANCES CONSISTING HOUSE HOLD ITEMS PUBLIC HALL REPAIR REPLACE SMOKE DETECTOR INOPERATIVE PROVIDE READY ACCESS BUILDINGS HEATING SYSTEM DOOR BOILER ROOM LOCKED CELLAR REPLACE NEW MISSING METAL NOSING 10TH WOODEN STAIR TREAD UP BOTTOM DEPT. RULES REGULATIONS. REMOVE ENCUMBRANCE OBSTRUCTING EGRESS FIRE ESCAPES ,TV ANTENNA WIRES DROPLADDER FIRE ESCAPE FRONT BUILDING CLEANSE SATISFACTION THIS DEPARTMENT PUBLIC HALLS STAIRS STORIES REMOVE ENCUMBRANCE OBSTRUCTING EGRESS FIRE ESCAPES AIR CONDITIONER INSTALLED FIRE ESCAPE WINDOW BUILDING FRONT FIRE ESCAPE REPLACE NEW MISSING ESCUTCHEON PLATE RISER CEILING ROOM ABATE NUISANCE CONSISTING ROACHES ABATE NUISANCE CONSISTING ROACHES PROVIDE HOT WATER HOT WATER FIXTURES ENTIRE ROOM ROOM BATHROOM ",40.790062,-73.941124
1016770041,"REPAIR REPLACE CARBON MONOXIDE DETECTING DEVICE(S). MISSING ENTIRE 6th REMOVE ILLEGAL FASTENING KEY OPERATED LOCK INSTALLED DOOR ROOM FIRE ESCAPE WINDOW REMOVE ILLEGAL FASTENING HASP LOCK DOOR LEADING FIRE ESCAPE WINDOW REPAIR BROKEN DEFECTIVE PLASTERED SURFACES PAINT UNIFORM COLOR CLG & WALLS 2 STY FRONT 3 ENTIRE APT. REMOVE COVER MANNER APPROVED DEPARTMENT PEELING LEAD PAINT WALL BATHROOM 3 STY 7 FIRE EGRESS DEFECTIVE. REMOVE OBSTRUCTING BARS UNLAWFUL GATES WINDOW FIRE ESCAPE PROVIDE APPROVED TYPE GATE KITCHEN REMOVE COVER MANNER APPROVED DEPARTMENT PEELING LEAD PAINT WALL BATHROOM 3 STY 7 ER1 REPAIR LEAKY DEFECTIVE FAUCETS SINK KITCHEN REMOVE ILLEGAL FASTENING ROOM DOOR EQUIPT LOCKING DEVICE CAPABLE OBSTRUCTIN GEGRESS ACCESS FIRE ESCAPE WINDOW ENTIRE 6th OWNER FAILED FILE VALID REGISTRATION STATEMENT DEPARTMENT THEREFORE SUBJECT CIVIL PENALTIES PROHIBITED CERTIFYING VIOLATIONS DENIED RIGHT RECOVER POSSESSION PREMISES FOR NONPAYMENT RENT UNTIL VALID REGISTRATION STATEMENT FILED ADM CODE FIRE EGRESS DEFECTIVE. REMOVE OBSTRUCTING BARS UNLAWFUL GATES WINDOW FIRE ESCAPE PROVIDE APPROVED TYPE GATE ROOM FIRE EGRESS DEFECTIVE. REMOVE OBSTRUCTING BARS UNLAWFUL GATES WINDOW FIRE ESCAPE PROVIDE APPROVED TYPE GATE ENTIRE 6th FIRE EGRESS DEFECTIVE. REMOVE OBSTRUCTING BARS UNLAWFUL GATES WINDOW FIRE ESCAPE PROVIDE APPROVED TYPE GATE ;; ROOM 6th TRACE REPAIR SOURCE ABATE NUISANCE CONSISTING MOLD WALLLS APPROX. 10 SQUARE FEET BATHROOM 6th REPAIR BROKEN DEFECTIVE CONNECTION WASTE LINE BELOW WASHBASIN BATHROOM 6th REPLACE NEW MISSING RADIATOR ROOM 6th PROPERLY REPAIR SIMILAR MATERIAL BROKEN DEFECTIVE REGLAZE PORCELAIN FINISH BATHTUB BATHROOM 6th PROPERLY REPAIR SIMILAR MATERIAL BROKEN DEFECTIVE WOOD & VINYL-TILES FLOOR KITCHEN REPLACE NEW BROKEN DEFECTIVE WINDOW GLASS PANE UPPER SASH ROOM PROPERLY REPAIR BROKEN DEFECTIVE ELECTRIC OUTLET WALL KITCHEN PROVIDE ADEQUATE SUPPLY GAS FIXTURES GAS RANGE KITCHEN KITCHEN ROOM ROOM CORRECT LEAD-BASED PAINT HAZARD - PRESUMED LEAD PAINT PEELING DETERIORATED SUBSURFACE - USING EXCLUSIVE INTERIM CONTROLS. CEILINGWALLWALLWALLRISER ROOM PROPERLY REPAIR SIMILAR MATERIAL BROKEN DEFECTIVE WOOD CASING WINDOW FRAME BATHROOM REPAIR FLUSHING APPARATUS MAINTAIN SAME SO AS FLUSH EFFECTIVELY WATER CLOSET BATHROOM ",40.790226,-73.941514
1016770044,"ABATE NUISANCE CONSISTING SCALDING HOT WATER (TEMP 192 DEGRESS) ENTIRE ARRANGE MAKE SELF-CLOSING DOORS ENTRANCE DOOR LOCK FOYER PROVIDE ADEQUATE SUPPLY COLD WATER FOR FIXTURES ENTIRE PROVIDE READY ACCESS BUILDINGS HEATING SYSTEM BOILER DOOR LOCKED BASEMENT REPAIR REPLACE SMOKE DETECTOR INOPERABLE ARRANGE MAKE SELF-CLOSING DOORS ,ENTRANCEOWNER FAILED FILE VALID REGISTRATION STATEMENT DEPARTMENT THEREFORE SUBJECT CIVIL PENALTIES PROHIBITED CERTIFYING VIOLATIONS DENIED RIGHT RECOVER POSSESSION PREMISES FOR NONPAYMENT RENT UNTIL VALID REGISTRATION STATEMENT FILED. CORRECT LEAD-BASED PAINT HAZARD - PRESUMED LEAD PAINT PEELING DETERIORATED SUBSURFACE CORRECT LEAD-BASED PAINT HAZARD - PRESUMED LEAD PAINT PEELING DETERIORATED SUBSURFACEWALLWALL ROOM CORRECT LEAD-BASED PAINT HAZARD - PRESUMED LEAD PAINT PEELING DETERIORATED SUBSURFACE TRACE REPAIR SOURCE ABATE NUISANCE CONSISTING MOLD CEILING WALLS( 4 SQUARE FEET) BATHROOM PROPERLY REPAIR SOURCE ABATE EVIDENCE WATER LEAK CEILING WALLS BATHROOM REPAIR BROKEN DEFECTIVE PLASTERED SURFACES PAINT UNIFORM COLOR CEILING WALLS BATHROOM PROVIDE ADEQUATE LIGHTING NEAR OUTSIDE FRONT ENTRANCEWAY BUILDING KEEP SAME BURNING SUNSET EVERY DAY SUNRISE DAY FOLLOWING MINIMUM REQUIRED 200 WATTS (LIGHT FIXTURE PRESENT) FRONT AREAWAY",40.790298,-73.941684
1016810007,"REPAIR REPLACE SMOKE DETECTOR DEFECTIVE ENTIRE PROVIDE ADEQUATE SUPPLY HOT WATER FOR FIXTURES WASH BASIN BATHROOM REPLACE NEW BROKEN DEFECTIVE LIGHT FIXTURE CEILING BATHROOM TRACE REPAIR SOURCE ABATE NUISANCE CONSISTING MOLD CEILING ( 30 SQ FT ) BATHROOM PROPERLY SECURE LOOSE WASH BASIN ,AT WALLBATHROOM REPLACE NEW BROKEN DEFECTIVE ENTRANCE DOOR BATHROOM REPAIR BROKEN DEFECTIVE PLASTERED SURFACES PAINT UNIFORM COLOR CEILING ROOM DEPT. RULES REGULATIONS. REMOVE ENCUMBRANCE OBSTRUCTING EGRESS FIRE ESCAPES ( FRONT ) FLOWER POTS ABATE NUISANCE CONSISTING DISCARDED REFRIGERATOR DOORS ATTACHED 1ST PUBLIC HALLWAY REMOVE ENCUMBRANCES CONSISTING BICYCLE FLOOWER POTS STAIR LANDING LEADING ROOF BULKHEADPUBLIC HALL STAIRS PROPERLY REPAIR BROKEN DEFECTIVE COUNTER BALANCE LOWER SASH WINDOW FIRE ESCAPEWALLARRANGE MAKE SELF-CLOSING DOORS ENTRANCE REPAIR REPLACE SMOKE DETECTOR INOPERATIVE ENTIRE REPAIR REPLACE CARBON MONOXIDE DETECTING DEVICE(S). INOPERATIVE ENTIRE PROPERLY SECURE LOOSE LOOSE DOOR BASE CABINET WALL KITCHEN HMC: PROPERLY REPAIR SOURCE ABATE EVIDENCE WATER LEAK CEILING BATHROOM PROPERLY REPAIR SIMILAR MATERIAL BROKEN DEFECTIVE WOOD FLOOR KITCHEN REPAIR BROKEN DEFECTIVE PLASTERED SURFACES PAINT UNIFORM COLOR CEILING BATHROOM REMOVE ENCUMBRANCES CONSISTING HOUSEHOLD ITEMS FIRE ESCAPE BALCONIES 3RD 5TH BUILDING FRONTFIRE ESCAPE PROVIDE ADEQUATE SUPPLY COLD WATER FOR FIXTURES WASH BASIN BATHROOM REPAIR BROKEN DEFECTIVE PLASTERED SURFACES PAINT UNIFORM COLOR CEILING WALLS BATHROOM ABATE NUISANCE CONSISTING ROACHES ",40.792337,-73.940501
1016820051,"",40.793621,-73.940237
1016870011,"REMOVE COVER MANNER APPROVED DEPARTMENT PEELING LEAD PAINT CEILING WALL ROOM ALSO CEILING WALL ROOM 4 STY 4B RODRIGUEZ NO PHONE ER1. REMOVE COVER MANNER APPROVED DEPARTMENT PEELING LEAD PAINT WALL KITCHEN ALSO CEILING WALLS BATHROOM 4 STY 4B ER1. PROVIDE HOT WATER HOT WATER FIXTURES ENTIRE 8th REMOVE ENCUMBRANCES CONSISTING CONSTRUCTION MATERIALS ROOFING PAPER COMPOUND PLASTER. OBSTRUCTING EGRESS SCUTTLE LADDER PUBLIC HALL REMOVE COVER MANNER APPROVED DEPARTMENT PEELING LEAD PAINT WALL KITCHEN ALSO CEILING WALLS BATHROOM 4 STY 4B ER1. REMOVE COVER MANNER APPROVED DEPARTMENT PEELING LEAD PAINT CEILING WALL ROOM ALSO CEILING WALL ROOM 4 STY 4B RODRIGUEZ NO PHONE ER1.",40.796008,-73.937562
1016870011,"OWNER FAILED FILE VALID REGISTRATION STATEMENT DEPARTMENT THEREFORE SUBJECT CIVIL PENALTIES PROHIBITED CERTIFYING VIOLATIONS DENIED RIGHT RECOVER POSSESSION PREMISES FOR NONPAYMENT RENT UNTIL VALID REGISTRATION STATEMENT FILED. PROPERLY REPAIR SIMILAR MATERIAL BROKEN DEFECTIVE CERAMIC TILE WALL BATHROOMOWNER FAILED FILE VALID REGISTRATION STATEMENT DEPARTMENT THEREFORE SUBJECT CIVIL PENALTIES PROHIBITED CERTIFYING VIOLATIONS DENIED RIGHT RECOVER POSSESSION PREMISES FOR NONPAYMENT RENT UNTIL VALID REGISTRATION STATEMENT FILED. ABATE NUISANCE CONSISTING FREE STANDING RADIATOR ROOM PROVIDE ADEQUATE SUPPLY GAS FIXTURES STOVE KITCHEN PROVIDE ADEQUATE SUPPLY GAS FIXTURES STOVE KITCHEN ",40.796035,-73.937627
1016880040,"PROPERLY REPAIR BROKEN DEFECTIVE BOTTOM WINDOW SASH PROVIDE READY ACCESS BUILDINGS HEATING SYSTEM DOOR LOCKED. BOILER ROOM PROVIDE ADEQUATE SUPPLY HEAT FOR ENTIRE PROVIDE ADEQUATE SUPPLY GAS FIXTURES KITCHEN REMOVE ILLEGAL FASTENING KEY OPERATED LOCK INSTALLED DOOR FIRE ESCAPE ACCESS ROOM PAINT METAL ACCORDANCE DEPT. REGULATION PAINT METAL ACCORDANCE DEPT. REGULATION PAINT METAL ACCORDANCE DEPT. REGULATION ARRANGE MAKE SELF-CLOSING DOORS DOOR ENTRANCE REMOVE ILLEGAL FASTENING KEY OPERATED LOCK DOOR LEADING FIRE ESCAPE ENTIRE PAINT METAL ACCORDANCE DEPT. REGULATION REMOVE COVER MANNER APPROVED DEPARTMENT PEELING LEAD PAINT PLASTER CEILING BATHROOM 2 STY 21. CORRECT LEAD-BASED PAINT HAZARD - PRESUMED LEAD PAINT PEELING DETERIORATED SUBSURFACE - USING EXCLUSIVE INTERIM CONTROLS. CEILING BATHROOM CORRECT LEAD-BASED PAINT HAZARD - PAINT TESTED POSITIVE FOR LEAD CONTENT PEELING DETERIORATED SUBSURFACE --CORRECT FAILURE PROVIDE DEPARTMENTIN 45 DAYS DEMAND RECORDS REQUIRED BE MAINTAINED OWNER CORRECT LEAD-BASED PAINT HAZARD - PAINT TESTED POSITIVE FOR LEAD CONTENT PEELING DETERIORATED SUBSURFACE - WINDOW FRAME WALL ROOM PROPERLY REPAIR SOURCE ABATE EVIDENCE WATER LEAK CEILING. KITCHEN ABATE NUISANCE CONSISTING SOIL VENTS OUT PLUMB SECTIONS ROOF",40.797239,-73.936257
1016880042,"REPAIR REPLACE SMOKE DETECTOR DEFECTIVE ENTIRE REMOVE ILLEGAL FASTENING CONSITING UNACCEPTABLE ELECTROMAGNETIC LOCKING DEVICE INSTALLED BUILDING ENTRANCE DOOR STREET PUBLIC HALL ARRANGE MAKE SELF-CLOSING DOORS ENTRANCE FIRE EGRESS DEFECTIVE. REMOVE OBSTRUCTING BARS UNLAWFUL GATES WINDOW FIRE ESCAPE PROVIDE APPROVED TYPE GATE . ROOM 6th FIRE EGRESS DEFECTIVE. REMOVE OBSTRUCTING BARS UNLAWFUL GATES WINDOW FIRE ESCAPE PROVIDE APPROVED TYPE GATE ROOM 6th REPLACE NEW BROKEN DEFECTIVE REFRIGERATOR DOOR GASKET KITCHEN ABATE NUISANCE CONSISTING BEDBUGS ENTIRE ",40.797264,-73.936315
1016880044,"REPAIR BROKEN DEFECTIVE PLASTERED SURFACES PAINT UNIFORM COLOR CEILING WALLS BATHROOM PAINT METAL ACCORDANCE DEPT. REGULATION PAINT METAL ACCORDANCE DEPT. REGULATION PAINT METAL ACCORDANCE DEPT. REGULATION ARRANGE MAKE SELF-CLOSING DOORS . ENTRANCE FIRE EGRESS DEFECTIVE. REMOVE OBSTRUCTING BARS UNLAWFUL GATES WINDOW FIRE ESCAPE PROVIDE APPROVED TYPE GATE WINDOW GUARD INSTALLED FIRE ESCAPE WINDOW DEPT. RULES REGULATIONS. REMOVE ENCUMBRANCE OBSTRUCTING EGRESS FIRE ESCAPES CONSISTING CONSTRUCTION ITEMS SECOND STY FIRE ESCAPE BALCONY BUILDING FRONT STACKREMOVE ENCUMBRANCE OBSTRUCTING EGRESS FIRE ESCAPES CONSISTING SCAFOLD ELEMENTS OBSTRUCTING FIRE ESCAPE DROP LADDER SECOND STY FIRE ESCAPE BALCONY BUILDING FRONT STACK ABATE NUISANCE CONSISTING VERMIN ANTS PAINT METAL ACCORDANCE DEPT. REGULATION PROVIDE READY ACCESS BUILDINGS HEATING SYSTEM DOOR LOCKED CELLAR REPAIR REPLACE SMOKE DETECTOR DEFECTIVE ARRANGE MAKE SELF-CLOSING DOORS ENTRANCE ARRANGE MAKE SELF-CLOSING DOORS LEADING PUBLIC HALL KITCHEN FIRE EGRESS DEFECTIVE. REMOVE OBSTRUCTING BARS UNLAWFUL GATES L 1 WINDOW PROVIDE APPROVED TYPE GATE AIR CONITION FIRE ESCAPE WINDOW ENTIRE FIRE EGRESS DEFECTIVE. REMOVE OBSTRUCTING BARS UNLAWFUL GATES WINDOW FIRE ESCAPE PROVIDE APPROVED TYPE GATEROOM FIRE EGRESS DEFECTIVE. REMOVE OBSTRUCTING BARS UNLAWFUL GATES WINDOW FIRE ESCAPE PROVIDE APPROVED TYPE GATE . ROOM FIRE EGRESS DEFECTIVE. REMOVE OBSTRUCTING BARS UNLAWFUL GATES WINDOW FIRE ESCAPE PROVIDE APPROVED TYPE GATE . ROOM PAINT METAL ACCORDANCE DEPT. REGULATION RISER WALL KITCHEN ",40.797300,-73.936405
1017080007,"ARRANGE MAKE SELF-CLOSING DOORS ENTRANCE FIRE EGRESS DEFECTIVE. REMOVE OBSTRUCTING BARS UNLAWFUL GATES WINDOW FIRE ESCAPE PROVIDE APPROVED TYPE GATE PROVIDE READY ACCESS BUILDINGS HEATING SYSTEM LOCKED DOOR BASEMENT ABATE NUISANCE CONSISTING MICE OWNER FAILED FILE VALID REGISTRATION STATEMENT DEPARTMENT THEREFORE SUBJECT CIVIL PENALTIES PROHIBITED CERTIFYING VIOLATIONS DENIED RIGHT RECOVER POSSESSION PREMISES FOR NONPAYMENT RENT UNTIL VALID REGISTRATION STATEMENT FILED. REPAIR BROKEN DEFECTIVE PLASTERED SURFACES PAINT UNIFORM COLOR WOOD FLOOR REMOVE ENCUMBRANCES CONSISTING HOUSEHOLD ITEMS 5TH PUBLIC HALL REMOVE ILLEGAL FASTENING KEY OPERATING LOCK INSTALLED ENTRANCE DOOR LEADING FIRE ESCAPE TRACE REPAIR SOURCE ABATE NUISANCE CONSISTING MOLD AROUND BATHTUB BATHROOM REPAIR BROKEN DEFECTIVE PLASTERED SURFACES PAINT UNIFORM COLOR WALLS CEILING BATHROOM PROPERLY REPAIR SIMILAR MATERIAL BROKEN DEFECTIVE TUB WALLS BATHROOM ",40.794464,-73.935768
1017080008,"OWNER FAILED FILE VALID REGISTRATION STATEMENT DEPARTMENT THEREFORE SUBJECT CIVIL PENALTIES PROHIBITED CERTIFYING VIOLATIONS DENIED RIGHT RECOVER POSSESSION PREMISES FOR NONPAYMENT RENT UNTIL VALID REGISTRATION STATEMENT FILED. REPAIR REPLACE SMOKE DETECTOR MISSING REPAIR BROKEN DEFECTIVE PLASTERED SURFACES PAINT UNIFORM COLOR CEILING KITCHEN DEPT. RULES REGULATIONS. REMOVE ENCUMBRANCE OBSTRUCTING EGRESS FIRE ESCAPES CONSISTING FLOWER POTS 3RD STY BALCONY STACKREMOVE ENCUMBRANCE OBSTRUCTING EGRESS FIRE ESCAPES AIR CONDITION 3RD BALCONY FRONT STACK FIRE ESCAPE REFIT DOOR ROOM REPAIR BROKEN DEFECTIVE PLASTERED SURFACES PAINT UNIFORM COLOR WALLS CEILING ROOM PROPERLY REPAIR BROKEN DEFECTIVE ELECTRICAL WALL OUTLETWALL PROVIDE READY ACCESS BUILDINGS HEATING SYSTEM DOOR LOCKED BOILER ROOM BASEMENT PROVIDE ADEQUATE SUPPLY HEAT APPROVED CENTRAL HEATING SYSTEM APPROVED SYSTEM GAS ELECTRICAL HEATING GOOD OPERATING CONDITION FOR DWELLING UNIT PAINT METAL ACCORDANCE DEPT. REGULATION HEAT RISER BATHROOM PROPERLY REPAIR SIMILAR MATERIAL BROKEN DEFECTIVE CERAMIC TILES WALL BATHROOM PROPERLY REPAIR BROKEN DEFECTIVE DOOR BATHROOM REPAIR REPLACE SMOKE DETECTOR MISSING ENTIRE PROPERLY REPAIR SIMILAR MATERIAL BROKEN DEFECTIVE CERAMIC FLOOR TILES BATHROOM REPAIR BROKEN DEFECTIVE PLASTERED SURFACES PAINT UNIFORM COLOR WALL REMOVE ILLEGAL FASTENING CONSISTING LOCKABLE LOCKSET INSTALLED ROOM DOOR LEADING FIRE ESCAPE TRACE REPAIR SOURCE ABATE NUISANCE CONSISTING MOLD 2 SQ FT WALLS CEILING BATHROOM REPAIR BROKEN DEFECTIVE PLASTERED SURFACES PAINT UNIFORM COLOR CEILING ROOM PROPERLY SECURE LOOSE SINK CABINET BACKSPLASH WALL KITCHEN REPAIR REPLACE SMOKE DETECTOR DEFECTIVE ENTIRE ",40.794436,-73.935703
1017080010," HMC: PROPERLY REPAIR SOURCE ABATE EVIDENCE WATER LEAK CEILING BATHROOMOWNER FAILED FILE VALID REGISTRATION STATEMENT DEPARTMENT THEREFORE SUBJECT CIVIL PENALTIES PROHIBITED CERTIFYING VIOLATIONS DENIED RIGHT RECOVER POSSESSION PREMISES FOR NONPAYMENT RENT UNTIL VALID REGISTRATION STATEMENT FILED. PROPERLY REPAIR SIMILAR MATERIAL BROKEN DEFECTIVE MARBLE SADDLE DOORWAY BATHROOM DEPT. RULES REGULATIONS. REMOVE ENCUMBRANCE OBSTRUCTING EGRESS FIRE ESCAPES FLOWERPOTS FRONT BUILDING FIRE ESCAPE REPAIR BROKEN DEFECTIVE PLASTERED SURFACES PAINT UNIFORM COLOR CEILING BATHROOM ",40.794382,-73.935570
1017080011,"ABATE NUISANCE CONSISTING BEDBUGS ENTIRE OWNER FAILED FILE VALID REGISTRATION STATEMENT DEPARTMENT THEREFORE SUBJECT CIVIL PENALTIES PROHIBITED CERTIFYING VIOLATIONS DENIED RIGHT RECOVER POSSESSION PREMISES FOR NONPAYMENT RENT UNTIL VALID REGISTRATION STATEMENT FILED.",40.794354,-73.935505
1017080013,"",40.794299,-73.935371
1017090024,"ABATE NUISANCE CONSISTING ROACHES REMOVE ENCUMBRANCES CONSISTING GAS RANGE PUBLIC HALL FIRE EGRESS DEFECTIVE. REMOVE OBSTRUCTING BARS UNLAWFUL GATES L 1 WINDOW PROVIDE APPROVED TYPE GATE ENTIRE PROVIDE READY ACCESS BUILDINGS HEATING SYSTEM DOOR LOCKED BOILER ROOM PROPERLY REPAIR SIMILAR MATERIAL BROKEN DEFECTIVE FIRE RETARDANT MATERIAL WALL PUBLIC HALLOWNER FAILED FILE VALID REGISTRATION STATEMENT DEPARTMENT THEREFORE SUBJECT CIVIL PENALTIES PROHIBITED CERTIFYING VIOLATIONS DENIED RIGHT RECOVER POSSESSION PREMISES FOR NONPAYMENT RENT UNTIL VALID REGISTRATION STATEMENT FILED. REPAIR REPLACE SMOKE DETECTOR MISSING PROVIDE READY ACCESS BUILDINGS HEATING SYSTEM DOOR LOCKED BOILER ROOM PROVIDE READY ACCESS BUILDINGS HEATING SYSTEM DOOR LOCKED BOILER ROOM PROVIDE HOT WATER HOT WATER FIXTURES ENTIRE REMOVE ENCUMBRANCES CONSISTING HOUSEHOLD ITEMS PUBLIC HALL REPLACE NEW BROKEN DEFECTIVE RADIATOR WALL KITCHEN DEPT. RULES REGULATIONS. REMOVE ENCUMBRANCE OBSTRUCTING EGRESS FIRE ESCAPES AIR CONDITIONER FIRE ESCAPE PROPERLY REPAIR BROKEN DEFECTIVE BELL-BUZZER INTERCOM SYSTEM FOYER PROVIDE ADEQUATE LIGHTING NEAR OUTSIDE FRONT ENTRANCEWAY BUILDING KEEP SAME BURNING SUNSET EVERY DAY SUNRISE DAY FOLLOWING MINIMUM 100 WATTS AS REQURED (LIGHT FIXTURE(S) PRESENT). FRONT AREAWAY PROVIDE ADEQUATE SUPPLY GAS FIXTURES RANGE ENTIRE PROVIDE ADEQUATE SUPPLY HEAT APPROVED CENTRAL HEATING SYSTEM APPROVED SYSTEM GAS ELECTRICAL HEATING GOOD OPERATING CONDITION FOR DWELLING UNIT ENTIRE PROVIDE ADEQUATE SUPPLY HEAT APPROVED CENTRAL HEATING SYSTEM APPROVED SYSTEM GAS ELECTRICAL HEATING GOOD OPERATING CONDITION FOR DWELLING UNIT ENTIRE DEPT. RULES REGULATIONS. REMOVE ENCUMBRANCE OBSTRUCTING EGRESS FIRE ESCAPES AIR CONDITIONER WINDOW 2ND BUILDING FRONT PROPERLY SECURE LOOSE MARBLE TREAD # 13 BOTTOM UP PUBLIC HALL STAIRS POST NOTICE FORM APPROVED DEPARTMENT STATING NAME LOCATION PERSON DESIGNATED OWNER HAVE KEY BUILDINGS HEATING SYSTEM MISSING PUBLIC HALL POST FORM APPROVED COMMISSIONER MAINTAIN NOTICE COMMON AREA BUILDING REGARDING PROCEDURES BE FOLLOWED GAS LEAK SUSPECTED PUBLIC HALL PROPERLY REPAIR BROKEN DEFECTIVE MORTISE LOCK LATCH BUILDING ENTRANCE ",40.794745,-73.933392
1017830003,"ABATE NUISANCE CONSISTING EXPOSED ELECTRIC WIRES CEILING WALLS THROUGH OUT BASEMENT FIRE EGRESS DEFECTIVE. REMOVE OBSTRUCTING BARS UNLAWFUL GATES WINDOW FIRE ESCAPE PROVIDE APPROVED TYPE GATE ENTIRE OWNER FAILED FILE VALID REGISTRATION STATEMENT DEPARTMENT THEREFORE SUBJECT CIVIL PENALTIES PROHIBITED CERTIFYING VIOLATIONS DENIED RIGHT RECOVER POSSESSION PREMISES FOR NONPAYMENT RENT UNTIL VALID REGISTRATION STATEMENT FILED. REPAIR BROKEN DEFECTIVE PLASTERED SURFACES PAINT UNIFORM COLOR CEILING WALL BATHROOM ",40.799475,-73.938877
1017830004,"REPAIR BROKEN DEFECTIVE PLASTERED SURFACES PAINT UNIFORM COLOR CEILING ROOM OWNER FAILED FILE VALID REGISTRATION STATEMENT DEPARTMENT THEREFORE SUBJECT CIVIL PENALTIES PROHIBITED CERTIFYING VIOLATIONS DENIED RIGHT RECOVER POSSESSION PREMISES FOR NONPAYMENT RENT UNTIL VALID REGISTRATION STATEMENT FILED. REPAIR BROKEN DEFECTIVE PLASTERED SURFACES PAINT UNIFORM COLOR WALLS KITCHEN FIRE EGRESS DEFECTIVE. REMOVE OBSTRUCTING BARS UNLAWFUL GATES WINDOW FIRE ESCAPE PROVIDE APPROVED TYPE GATE PADLOCKED GATE ROOM REPAIR BROKEN DEFECTIVE PLASTERED SURFACES PAINT UNIFORM COLOR CEILING ROOM ABATE NUISANCE CONSISTING MICE ENTIRE ",40.799538,-73.938830
1017840021,"ABATE NUISANCE CONSISTING MICE REMOVE ILLEGAL FASTENING CONSISTING UNACCEPTABLE ELECTROMAGNETIC LOCKING DEVICE INSTALLED BUILDING ENTRANCE DOOR. PUBLIC HALL REMOVE ILLEGAL FASTENING CONSISTING KEY OPERATED KNOB LOCK ROOM DOOR LEADING FIRE ESCAPE WINDOW ROOM REPAIR REPLACE CARBON MONOXIDE DETECTING DEVICE(S). DEFECTIVE ",40.799037,-73.936298
1018060007," HMC: PROPERLY REPAIR SOURCE ABATE EVIDENCE WATER LEAK CEILING BATHROOM REPAIR BROKEN DEFECTIVE PLASTERED SURFACES PAINT UNIFORM COLOR DEPT. RULES REGULATIONS. REMOVE ENCUMBRANCE OBSTRUCTING EGRESS FIRE ESCAPES AIR CONDITIONER FIRE ESCAPE SECTION REMOVE ENCUMBRANCE OBSTRUCTING EGRESS FIRE ESCAPES AIR CONDITIONER FIRE ESCAPE SECTION HMC: PROPERLY REPAIR SOURCE ABATE EVIDENCE WATER LEAK WALL ROOM , 2012 ADM CODE REMOVE ACCUMULATION REFUSE RUBBISH MAINTAIN CLEAN CONDITION CONSTRUCTION MATERIAL PUBLIC HALL REMOVE ENCUMBRANCES CONSISTING 2 WOODEN CABINETS PUBLIC HALL REPAIR REPLACE SMOKE DETECTOR MISSING PROPERLY REPAIR BROKEN DEFECTIVE BELL-BUZZER INTERCOM RETURN SYSTEM REPAIR BROKEN DEFECTIVE PLASTERED SURFACES PAINT UNIFORM COLOR CEILING KITCHEN REPAIR BROKEN DEFECTIVE PLASTERED SURFACES PAINT UNIFORM COLOR WALL ROOM REPAIR REPLACE CARBON MONOXIDE DETECTING DEVICE(S). MISSING REPAIR BROKEN DEFECTIVE PLASTERED SURFACES PAINT UNIFORM COLOR WALL ROOM REPLACE BROKEN DEFECTIVE WASBASIN BATHROOM PROPERLY REPAIR BROKEN DEFECTIVE BUZZER / INTERCOM SYSTEM ENTIRE REPAIR REPLACE SMOKE DETECTOR DEFECTIVE ENTIRE PROVIDE APPROVED OPERATIONAL CARBON MONOXIDE DETECTING DEVICE INSTALLED ACCORDANCE APPLICABLE LAW RULES. ENTIRE REPAIR LEAKY DEFECTIVE FAUCETS TUB BATHROOM REPAIR BROKEN DEFECTIVE PLASTERED SURFACES PAINT UNIFORM COLOR WALLS CEILING BATHROOM HMC: PROPERLY REPAIR SOURCE ABATE EVIDENCE WATER LEAK CEILING BATHROOM ABATE NUISANCE CONSISTING REFRIGERATOR DOORS INTACT STORED PUBLIC HALL D26-34.01 ADM CODE THOROUGHLY WHITEWASH REPAIR REPLACE SMOKE DETECTOR MISSING ENTIRE OWNER FAILED FILE VALID REGISTRATION STATEMENT DEPARTMENT THEREFORE SUBJECT CIVIL PENALTIES PROHIBITED CERTIFYING VIOLATIONS DENIED RIGHT RECOVER POSSESSION PREMISES FOR NONPAYMENT RENT UNTIL VALID REGISTRATION STATEMENT FILED. SECTION ADMIN. CODE: POST MAINTAIN PROPER NOTICE WALL ENTRANCE ENGLISH SPANISH AVAILABILITY AGENCY?S HOUSING INFORMATION GUIDE. SAMPLE NOTICE CAN BE FOUND WWW.NYC.GOV/HPD. PUBLIC HALL REMOVE ENCUMBRANCES CONSISTING GAS RANGE PUBLIC HALLKITCHENROOM REPAIR REPLACE SMOKE DETECTOR MISSING ENTIRE ",40.797106,-73.933949
1018470066,"PAINT METAL ACCORDANCE DEPT. REGULATION RISER WALL ROOM ROOM ROOM KITCHEN ROOM BATHROOM REPAIR LEAKY DEFECTIVE FAUCETS WASHBASIN BATHROOM PROVIDE ADEQUATE LIGHTING NEAR OUTSIDE FRONT ENTRANCEWAY BUILDING KEEP SAME BURNING SUNSET EVERY DAY SUNRISE DAY FOLLOWING MINIMUM 100 WATTS INCANDESCENT LIGHT REQUIRED; LIGHT FIXTURE PRESENT. FRONT AREAWAY REPAIR BROKEN DEFECTIVE PLASTERED SURFACES PAINT UNIFORM COLOR CEILING PRIVATE HALLWAY ROOM ROOM BATHROOM ",40.803309,-73.956800
1018470068,"PROVIDE ADEQUATE LIGHTING NEAR OUTSIDE FRONT ENTRANCEWAY BUILDING KEEP SAME BURNING SUNSET EVERY DAY SUNRISE DAY FOLLOWING 100 WATTS INCANDENT MINIMUM REQUIRED SIDE BLDG. REPAIR BROKEN DEFECTIVE PLASTERED SURFACES PAINT UNIFORM COLOR CEILING ROOM REMOVE COVER MANNER APPROVED DEPARTMENT PEELING LEAD PAINT PLASTER WALL 2 STY 21 ER1 KITCHEN.",40.803414,-73.958006
1018480031,"REPAIR BROKEN DEFECTIVE PLASTERED SURFACES PAINT UNIFORM COLOR WALLS CEILING ENTIRE 6th REPAIR REPLACE SMOKE DETECTOR MISSING ENTIRE FIRE EGRESS DEFECTIVE. REMOVE OBSTRUCTING BARS UNLAWFUL GATES WINDOW FIRE ESCAPE PROVIDE APPROVED TYPE GATE ROOM PAINT METAL ACCORDANCE DEPT. REGULATION PAINT METAL ACCORDANCE DEPT. REGULATION FIRE EGRESS DEFECTIVE. REMOVE OBSTRUCTING BARS UNLAWFUL GATES WINDOW FIRE ESCAPE PROVIDE APPROVED TYPE GATE ROOM BATHROOM ROOM ROOM ROOM ROOM CORRECT LEAD-BASED PAINT HAZARD - PRESUMED LEAD PAINT PEELING DETERIORATED SUBSURFACEWALLWALLWALLWALL KITCHEN PROPERLY REPAIR BROKEN DEFECTIVE WINDOW SITLL ROOM 6th REPAIR REPLACE SMOKE DETECTOR INOPERATIVE ",40.804039,-73.957540
3033260062,"REPAIR REPLACE CARBON MONOXIDE DETECTING DEVICE(S). DEFECTIVE ENTIRE PROVIDE READY ACCESS BUILDINGS HEATING SYSTEM DOOR LOCKED PUBLIC HALL PROVIDE READY ACCESS BUILDINGS HEATING SYSTEM DOOR LOCKED CELLAR PROVIDE ADEQUATE SUPPLY HEAT FOR PROVIDE READY ACCESS BUILDINGS HEATING SYSTEM BOILER ROOM DOOR LOCKED BASEMENT",40.697676,-73.915215
3033260065,"ARRANGE MAKE SELF-CLOSING DOORS BULKHEAD PUBLIC HALL ARRANGE MAKE SELF-CLOSING DOORS BULKHEAD PUBLIC HALL REPAIR REPLACE CARBON MONOXIDE DETECTING DEVICE(S). DEFECTIVE ENTIRE ARRANGE MAKE SELF-CLOSING DOORS BULKHEAD PUBLIC HALL ARRANGE MAKE SELF-CLOSING DOORS BULKHEAD PUBLIC HALL REMOVE OBSTRUCTIONS REPAIR DEFECTS WASTE LINE BATHTUB BATHROOM PROPERLY REPAIR BROKEN DEFECTIVE INTERCOM UNIT BUILDING ENTRANCE UNIT PROPERLY REPAIR BROKEN DEFECTIVE INTERCOM UNIT BUILDING ENTRANCE UNIT PROPERLY REPAIR BROKEN DEFECTIVE INTERCOM UNIT BUILDING ENTRANCE UNIT REPAIR REPLACE SMOKE DETECTOR DEFECTIVE ENTIRE REPAIR REPLACE SMOKE DETECTOR DEFECTIVE ENTIRE REPAIR REPLACE SMOKE DETECTOR DEFECTIVE ENTIRE REPAIR REPLACE SMOKE DETECTOR DEFECTIVE ENTIRE REPAIR REPLACE CARBON MONOXIDE DETECTING DEVICE(S). DEFECTIVE ENTIRE REPAIR REPLACE CARBON MONOXIDE DETECTING DEVICE(S). DEFECTIVE ENTIRE PROVIDE ADEQUATE SUPPLY GAS FIXTURES COOKING RANGE KITCHEN PROVIDE ADEQUATE SUPPLY GAS FIXTURES COOKING RANGE KITCHEN PROVIDE ADEQUATE SUPPLY GAS FIXTURES COOKING RANGE KITCHEN PROVIDE ADEQUATE SUPPLY GAS FIXTURES COOKING RANGE KITCHEN PROPERLY REPAIR BROKEN DEFECTIVE LOCKING DEVICE DOOR BUILDING ENTRANCE PROPERLY REPAIR BROKEN DEFECTIVE LOCKING DEVICE DOOR BUILDING ENTRANCE PROPERLY REPAIR BROKEN DEFECTIVE LOCKING DEVICE DOOR BUILDING ENTRANCE REMOVE OBSTRUCTIONS REPAIR DEFECTS WASTE LINE BATHTUB BATHROOM PROPERLY REPAIR BROKEN DEFECTIVE LOCKING DEVICE DOOR BUILDING ENTRANCE REMOVE OBSTRUCTIONS REPAIR DEFECTS WASTE LINE BATHTUB BATHROOM PROPERLY REPAIR BROKEN DEFECTIVE INTERCOM UNIT BUILDING ENTRANCE UNIT REMOVE OBSTRUCTIONS REPAIR DEFECTS WASTE LINE BATHTUB BATHROOM PROPERLY REPAIR BROKEN DEFECTIVE INTERCOMMUNICATION SYSTEM. ENTIRE PROPERLY REPAIR BROKEN DEFECTIVE INTERCOMMUNICATION SYSTEM. ENTIRE ",40.697525,-73.915363
3033260065,"TRACE REPAIR SOURCE ABATE NUISANCE CONSISTING MOLD WALLS CEILING BATHROOM TRACE REPAIR SOURCE ABATE NUISANCE CONSISTING MOLD WALLS CEILING BATHROOM TRACE REPAIR SOURCE ABATE NUISANCE CONSISTING MOLD WALLS CEILING BATHROOM TRACE REPAIR SOURCE ABATE NUISANCE CONSISTING MOLD WALLS CEILING BATHROOM REPAIR BROKEN DEFECTIVE PLASTERED SURFACES PAINT UNIFORM COLOR WALLS ( BEHIND GAS STOVE ) KITCHEN ",40.697556,-73.915331
3033260065,"PROVIDE ADEQUATE SUPPLY HEAT FOR PROVIDE READY ACCESS BUILDINGS HEATING SYSTEM CELLAR DOOR LOCKED PROVIDE READY ACCESS BUILDINGS HEATING SYSTEM CELLAR DOOR LOCKED PROVIDE READY ACCESS BUILDINGS HEATING SYSTEM CELLAR DOOR LOCKED PROVIDE READY ACCESS BUILDINGS HEATING SYSTEM CELLAR DOOR LOCKED PROVIDE ADEQUATE SUPPLY HEAT FOR PROVIDE READY ACCESS BUILDINGS HEATING SYSTEM DOOR CELLAR LOCKED PUBLIC HALL PROVIDE READY ACCESS BUILDINGS HEATING SYSTEM DOOR CELLAR LOCKED PUBLIC HALL PROVIDE READY ACCESS BUILDINGS HEATING SYSTEM DOOR CELLAR LOCKED PUBLIC HALL PROVIDE READY ACCESS BUILDINGS HEATING SYSTEM DOOR CELLAR LOCKED PUBLIC HALL FIRE EGRESS DEFECTIVE. REMOVE OBSTRUCTING BARS UNLAWFUL GATES WINDOW FIRE ESCAPE PROVIDE APPROVED TYPE GATE 3 STY 3R ADM CODE FIRE EGRESS DEFECTIVE. REMOVE OBSTRUCTING BARS UNLAWFUL GATES WINDOW FIRE ESCAPE PROVIDE APPROVED TYPE GATE 3 STY 3R ADM CODE FIRE EGRESS DEFECTIVE. REMOVE OBSTRUCTING BARS UNLAWFUL GATES WINDOW FIRE ESCAPE PROVIDE APPROVED TYPE GATE 3 STY 3R ADM CODE FIRE EGRESS DEFECTIVE. REMOVE OBSTRUCTING BARS UNLAWFUL GATES WINDOW FIRE ESCAPE PROVIDE APPROVED TYPE GATE 3 STY 3R ADM CODE FIRE EGRESS DEFECTIVE. REMOVE OBSTRUCTING BARS UNLAWFUL GATES WINDOW FIRE ESCAPE PROVIDE APPROVED TYPE GATE 2 STY 2R ADM CODE FIRE EGRESS DEFECTIVE. REMOVE OBSTRUCTING BARS UNLAWFUL GATES WINDOW FIRE ESCAPE PROVIDE APPROVED TYPE GATE 2 STY 2R ADM CODE FIRE EGRESS DEFECTIVE. REMOVE OBSTRUCTING BARS UNLAWFUL GATES WINDOW FIRE ESCAPE PROVIDE APPROVED TYPE GATE 2 STY 2R ADM CODE FIRE EGRESS DEFECTIVE. REMOVE OBSTRUCTING BARS UNLAWFUL GATES WINDOW FIRE ESCAPE PROVIDE APPROVED TYPE GATE 2 STY 2R. PROVIDE HOT WATER HOT WATER FIXTURES ENTIRE REPAIR BROKEN DEFECTIVE PLASTERED SURFACES PAINT UNIFORM COLOR CEILING PROVIDE READY ACCESS BUILDINGS HEATING SYSTEM DOOR LOCKED BOILER ROOM PROVIDE READY ACCESS BUILDINGS HEATING SYSTEM DOOR LOCKED BOILER ROOM PROVIDE READY ACCESS BUILDINGS HEATING SYSTEM DOOR LOCKED BOILER ROOM PROVIDE READY ACCESS BUILDINGS HEATING SYSTEM DOOR LOCKED BOILER ROOM PROPERLY REPAIR BROKEN DEFECTIVE LOCKING ASSEMBLY ENTRANCE PROPERLY REPAIR BROKEN DEFECTIVE LOCKING ASSEMBLY ENTRANCE PROPERLY REPAIR BROKEN DEFECTIVE LOCKING ASSEMBLY ENTRANCE PROPERLY REPAIR BROKEN DEFECTIVE LOCKING ASSEMBLY ENTRANCE REPAIR LEAKY DEFECTIVE FAUCETS WASH BASIN BATHROOM REPAIR LEAKY DEFECTIVE FAUCETS WASH BASIN BATHROOM REPAIR LEAKY DEFECTIVE FAUCETS WASH BASIN BATHROOM REPAIR LEAKY DEFECTIVE FAUCETS WASH BASIN BATHROOM PROVIDE APPROVED OPERATIONAL CARBON MONOXIDE DETECTING DEVICE INSTALLED ACCORDANCE APPLICABLE LAW RULES. PROVIDE APPROVED OPERATIONAL CARBON MONOXIDE DETECTING DEVICE INSTALLED ACCORDANCE APPLICABLE LAW RULES. PROVIDE APPROVED OPERATIONAL CARBON MONOXIDE DETECTING DEVICE INSTALLED ACCORDANCE APPLICABLE LAW RULES. PROVIDE APPROVED OPERATIONAL CARBON MONOXIDE DETECTING DEVICE INSTALLED ACCORDANCE APPLICABLE LAW RULES. REPAIR REPLACE SMOKE DETECTOR (DEFECTIVE) REPAIR REPLACE SMOKE DETECTOR (DEFECTIVE) REPAIR REPLACE SMOKE DETECTOR (DEFECTIVE) REPAIR REPLACE SMOKE DETECTOR (DEFECTIVE) REMOVE ILLEGAL FASTENING CONSISTING KEY OPERATED LOCK DOOR ROOM LEADING FIRE ESCAPE REMOVE ILLEGAL FASTENING CONSISTING KEY OPERATED LOCK DOOR ROOM LEADING FIRE ESCAPE REMOVE ILLEGAL FASTENING CONSISTING KEY OPERATED LOCK DOOR ROOM LEADING FIRE ESCAPE ROOM ",40.697586,-73.915302
3033260065,"INSTALL MISSING REPAIR/REPLACE DEFECTIVE WINDOW GUARD(S) ACCORDANCE SPECIFICATIONS NEW YORK CITY HEALTH CODE SECTION 24 RCNY CHAPTER 12. WG INSTALL = 1; WG REPLACE = 0; WG REPAIR = 0; ENTIRE PROVIDE READY ACCESS BUILDINGS HEATING SYSTEM DOOR LOCKED PUBLIC HALL PROVIDE READY ACCESS BUILDINGS HEATING SYSTEM DOOR LOCKED PUBLIC HALL PROVIDE READY ACCESS BUILDINGS HEATING SYSTEM DOOR LOCKED PUBLIC HALL PROVIDE READY ACCESS BUILDINGS HEATING SYSTEM DOOR LOCKED PUBLIC HALLOWNER FAILED FILE VALID REGISTRATION STATEMENT DEPARTMENT THEREFORE SUBJECT CIVIL PENALTIES PROHIBITED CERTIFYING VIOLATIONS DENIED RIGHT RECOVER POSSESSION PREMISES FOR NONPAYMENT RENT UNTIL VALID REGISTRATION STATEMENT FILED. OWNER FAILED FILE VALID REGISTRATION STATEMENT DEPARTMENT THEREFORE SUBJECT CIVIL PENALTIES PROHIBITED CERTIFYING VIOLATIONS DENIED RIGHT RECOVER POSSESSION PREMISES FOR NONPAYMENT RENT UNTIL VALID REGISTRATION STATEMENT FILED. OWNER FAILED FILE VALID REGISTRATION STATEMENT DEPARTMENT THEREFORE SUBJECT CIVIL PENALTIES PROHIBITED CERTIFYING VIOLATIONS DENIED RIGHT RECOVER POSSESSION PREMISES FOR NONPAYMENT RENT UNTIL VALID REGISTRATION STATEMENT FILED.",40.697616,-73.915273
